{"test_accuracy":0.8845,"_runtime":25,"mean_act_layer_2":1.0470099274783469,"epoch":10,"val_accuracy":0.886,"mean_act_layer_1":0.8608272683292624,"train_accuracy":0.8868703703703704,"mean_act_layer_0":0.6859928033818313,"dead_frac_layer_1":0.18799479166666666,"_wandb":{"runtime":25},"grad_norm_layer_1":0.011156488794391614,"_step":10,"dead_frac_layer_3":0.27924739583333336,"grad_norm_layer_2":0.010606761989414048,"grad_norm_layer_0":0.016817696133729194,"dead_frac_layer_2":0.20001822916666667,"mean_act_layer_3":1.0145064857720465,"train_loss":0.4481214757287185,"grad_norm_layer_4":0.01260564466013884,"grad_norm_layer_3":0.011277171330349724,"test_f1":0.8824897923594763,"_timestamp":1.7728072996740015e+09,"dead_frac_layer_0":0.16601302083333333}