{"_step":10,"dead_frac_layer_0":0,"train_loss":2.30466206422646,"grad_norm_layer_0":5.492304747316894e-07,"val_accuracy":0.11283333333333333,"test_f1":0.0203861697350696,"_runtime":28,"_timestamp":1.7728138232362204e+09,"mean_act_layer_1":0.002556796803200062,"train_accuracy":0.11231481481481481,"grad_norm_layer_2":1.7283141765897507e-05,"dead_frac_layer_1":0,"_wandb":{"runtime":28},"test_accuracy":0.1135,"epoch":10,"grad_norm_layer_1":3.506638631769691e-06,"mean_act_layer_0":0.13445348617894465}