{"mean_act_layer_0":0.509607724587905,"_runtime":21,"train_loss":2.5125310974007,"_wandb":{"runtime":21},"dead_frac_layer_1":0,"_timestamp":1.7728089043805964e+09,"grad_norm_layer_4":0.008867658061354207,"mean_act_layer_3":0.5177411595552475,"test_f1":0.018643453028654333,"dead_frac_layer_0":0,"dead_frac_layer_3":0,"epoch":10,"mean_act_layer_1":0.5209024543750417,"grad_norm_layer_0":6.366979319830308e-05,"train_accuracy":0.10388888888888889,"grad_norm_layer_1":0.00011213460930851646,"mean_act_layer_2":0.4975530657175541,"grad_norm_layer_3":0.002688741813866791,"dead_frac_layer_2":0,"grad_norm_layer_2":0.0005729521975205951,"test_accuracy":0.1028,"_step":10,"val_accuracy":0.10916666666666666}