{"_runtime":162,"grad_norm_layer_4":0.10730229115737469,"_step":15,"epoch":15,"grad_norm_layer_2":0.03565115217612142,"mean_act_layer_2":11.271345253189306,"val_accuracy":0.7656666666666667,"mean_act_layer_0":3.8644663541288335,"_timestamp":1.7728062268771892e+09,"train_loss":0.48447871916435825,"mean_act_layer_3":1.926420148572394,"dead_frac_layer_2":0.9519557291666667,"train_accuracy":0.7712037037037037,"test_f1":0.8520482517491688,"_wandb":{"runtime":162},"grad_norm_layer_0":0.007068373022647821,"grad_norm_layer_3":0.25868789358863953,"grad_norm_layer_1":0.059363884561925484,"dead_frac_layer_0":0.8744908854166666,"test_accuracy":0.8505,"mean_act_layer_1":7.563498682406897,"dead_frac_layer_3":0.9803776041666666,"dead_frac_layer_1":0.9136302083333333}