{"test_f1":0.9537506779652587,"mean_act_layer_1":6.96158320799867,"val_accuracy":0.955,"_timestamp":1.7728093220040736e+09,"dead_frac_layer_2":0.9780833333333333,"epoch":10,"grad_norm_layer_1":0.048434411235218154,"grad_norm_layer_0":0.010180082846574573,"dead_frac_layer_1":0.91746484375,"dead_frac_layer_0":0.8630611979166667,"mean_act_layer_0":2.316289063451949,"test_accuracy":0.954,"_runtime":60,"_wandb":{"runtime":60},"_step":10,"mean_act_layer_2":1.8019569547355203,"train_loss":0.23040454589516374,"train_accuracy":0.9666851851851852,"grad_norm_layer_3":0.06410758540956138,"grad_norm_layer_2":0.07111699598696936}