{"_wandb":{"runtime":33},"dead_frac_layer_1":0,"dead_frac_layer_0":0,"mean_act_layer_1":0.09902647810292352,"train_accuracy":0.9631111111111111,"_step":10,"val_accuracy":0.9533333333333334,"epoch":10,"test_f1":0.9544446637345579,"grad_norm_layer_1":0.0009243957254815881,"train_loss":0.15732403141208054,"grad_norm_layer_2":0.0006977751844768929,"mean_act_layer_0":0.2502982139011404,"grad_norm_layer_0":0.002617893974977318,"test_accuracy":0.9549,"_runtime":33,"_timestamp":1.7728130038151248e+09}