{"mean_act_layer_3":0.5176424487209541,"mean_act_layer_0":0.18929592334840822,"epoch":10,"train_loss":0.7114270948794242,"mean_act_layer_2":0.3075473883291683,"val_accuracy":0.7643333333333333,"test_accuracy":0.829,"_timestamp":1.772808486896508e+09,"mean_act_layer_1":0.2967020144129265,"grad_norm_layer_4":0.006612554376432173,"train_accuracy":0.761537037037037,"_step":10,"_runtime":45,"grad_norm_layer_1":0.005667309699301683,"grad_norm_layer_2":0.0053939881573452225,"grad_norm_layer_0":0.009466459712175345,"dead_frac_layer_2":0.5746783854166667,"grad_norm_layer_3":0.0049231072925569,"test_f1":0.8243365716702193,"_wandb":{"runtime":45},"dead_frac_layer_1":0.53602734375,"dead_frac_layer_3":0.2599140625,"dead_frac_layer_0":0.7550950520833334}