{"mean_act_layer_0":0.5743892589637631,"dead_frac_layer_1":0.3576432291666667,"test_f1":0.9668833494680863,"_step":10,"grad_norm_layer_2":0.010919548281718046,"train_accuracy":0.9768703703703704,"_runtime":53,"train_loss":0.0901733309365722,"epoch":10,"grad_norm_layer_1":0.015901949373023923,"dead_frac_layer_0":0.3573151041666667,"mean_act_layer_1":0.8004024372726352,"test_accuracy":0.9672,"_timestamp":1.7728109763685822e+09,"val_accuracy":0.9675,"grad_norm_layer_0":0.022692884752034324,"_wandb":{"runtime":53}}