{"_wandb":{"runtime":39},"grad_norm_layer_0":0.001267843401970857,"val_accuracy":0.9731666666666666,"_timestamp":1.7728125096404548e+09,"train_accuracy":0.9930740740740741,"train_loss":0.031305831267053504,"grad_norm_layer_2":0.00048737485319636734,"epoch":10,"_runtime":39,"mean_act_layer_1":0.2170737568214567,"dead_frac_layer_1":0,"_step":10,"test_f1":0.9735125760930037,"grad_norm_layer_1":0.0007109683788587495,"dead_frac_layer_0":0,"test_accuracy":0.9738,"mean_act_layer_0":0.22124657205567944}