{"mean_act_layer_2":0.5078772059994413,"grad_norm_layer_0":0.0003734204603694163,"_runtime":63,"_timestamp":1.7728084313897157e+09,"dead_frac_layer_1":0,"test_accuracy":0.1135,"train_loss":2.299704367404315,"test_f1":0.0203861697350696,"val_accuracy":0.11516666666666667,"grad_norm_layer_2":0.004622203896562648,"mean_act_layer_1":0.5116499208576921,"_wandb":{"runtime":63},"grad_norm_layer_3":0.01670146412004237,"grad_norm_layer_1":0.0009568718567443353,"train_accuracy":0.11205555555555556,"mean_act_layer_0":0.5017184414123911,"dead_frac_layer_0":0,"epoch":10,"_step":10,"dead_frac_layer_2":0}