{"epoch":10,"grad_norm_layer_2":9.898349864398606e-09,"val_accuracy":0.1035,"mean_act_layer_2":2.664790546759677e-07,"grad_norm_layer_1":1.4982991487620833e-10,"train_accuracy":0.10203703703703704,"_timestamp":1.7728107441903155e+09,"_runtime":49,"test_f1":0.0203861697350696,"mean_act_layer_1":0.42960643574080015,"train_loss":2.3059679349408806,"_step":10,"mean_act_layer_0":0.5384879590507677,"_wandb":{"runtime":49},"grad_norm_layer_0":4.218478145581255e-11,"test_accuracy":0.1135,"dead_frac_layer_0":0,"grad_norm_layer_3":3.1085952044434636e-08,"dead_frac_layer_1":0,"dead_frac_layer_2":0}