{"dead_frac_layer_1":0,"_timestamp":1.772808190378504e+09,"test_f1":0.9615313831659696,"grad_norm_layer_1":0.0013895964756942322,"grad_norm_layer_3":0.0010361914732746644,"mean_act_layer_2":0.4452288575384262,"epoch":10,"train_loss":0.10728661499616847,"test_accuracy":0.9618,"mean_act_layer_0":0.48059259938135784,"_wandb":{"runtime":34},"train_accuracy":0.9725370370370371,"_runtime":34,"_step":10,"val_accuracy":0.961,"dead_frac_layer_0":0,"mean_act_layer_1":0.3217415150474391,"grad_norm_layer_0":0.0016179510663026171,"dead_frac_layer_2":0,"grad_norm_layer_2":0.00042617882770720604}