{"train_accuracy":0.8452222222222222,"test_f1":0.8520819697401709,"_runtime":18,"grad_norm_layer_0":0.09935828491696785,"_wandb":{"runtime":18},"train_loss":0.7264359242411067,"val_accuracy":0.843,"_timestamp":1.772808613720723e+09,"_step":10,"mean_act_layer_1":0.3868603396939102,"epoch":10,"test_accuracy":0.8554,"dead_frac_layer_1":0,"dead_frac_layer_0":0,"grad_norm_layer_2":0.03556161777109384,"mean_act_layer_0":0.36582545011966777,"grad_norm_layer_1":0.03618660667949398}