{"epoch":10,"_timestamp":1.772808549172542e+09,"mean_act_layer_1":0.49886891646135145,"_step":10,"grad_norm_layer_1":2.51483544676511e-08,"dead_frac_layer_0":0,"mean_act_layer_2":0.49768213623041957,"train_accuracy":0.10222222222222223,"grad_norm_layer_3":6.020470804883341e-05,"_runtime":21,"dead_frac_layer_1":0,"train_loss":2.302176434890641,"grad_norm_layer_2":1.2563083831770307e-06,"mean_act_layer_3":0.4998471505730756,"test_accuracy":0.1009,"mean_act_layer_0":0.49870651152885653,"_wandb":{"runtime":21},"dead_frac_layer_2":0,"dead_frac_layer_3":0,"val_accuracy":0.10183333333333333,"grad_norm_layer_4":0.0030811772280713327,"test_f1":0.0183304568989009,"grad_norm_layer_0":1.9755177644778113e-09}