{"epoch":10,"mean_act_layer_1":0.2337890011261001,"val_accuracy":0.8193333333333334,"grad_norm_layer_2":0.0014358167193904423,"_timestamp":1.772811122850773e+09,"test_accuracy":0.8174,"train_accuracy":0.8230925925925926,"grad_norm_layer_1":0.0021478441567921065,"mean_act_layer_0":0.22008149186029288,"_wandb":{"runtime":23},"grad_norm_layer_0":0.0012764389609072277,"_runtime":23,"_step":10,"dead_frac_layer_0":0.9898489583333333,"dead_frac_layer_1":0.96386328125,"train_loss":0.5703602307030412,"test_f1":0.7908840666815334}