{"dead_frac_layer_0":0.8694609375,"_runtime":48,"grad_norm_layer_1":0.02107789745675314,"grad_norm_layer_0":0.004082546106645187,"train_accuracy":0.9331851851851852,"grad_norm_layer_3":0.0013197305824697203,"val_accuracy":0.9285,"_timestamp":1.7728105838611934e+09,"dead_frac_layer_2":0.9857356770833333,"mean_act_layer_2":0.9634473816634546,"dead_frac_layer_1":0.8995690104166667,"train_loss":0.29280523740348047,"_step":10,"epoch":10,"grad_norm_layer_2":0.1275719945341294,"test_f1":0.96166879220052,"mean_act_layer_1":7.877550454751431,"test_accuracy":0.9619,"mean_act_layer_0":2.163392139462071,"_wandb":{"runtime":48}}