{"test_f1":0.10773413003104146,"val_accuracy":0.23333333333333334,"dead_frac_layer_1":0.3485729166666667,"grad_norm_layer_0":0.004158505941075621,"test_accuracy":0.2341,"_step":10,"_runtime":56,"_timestamp":1.772814059066594e+09,"train_loss":2.1737430485973164,"grad_norm_layer_1":0.001859510834357789,"train_accuracy":0.2337962962962963,"mean_act_layer_1":0.07268830546043374,"_wandb":{"runtime":56},"epoch":10,"mean_act_layer_0":0.11958955142066534,"dead_frac_layer_0":0.19401822916666667,"grad_norm_layer_2":0.005876270897374072}