{"grad_norm_layer_0":0.021598389446587745,"dead_frac_layer_2":0.27118619791666665,"grad_norm_layer_3":0.01838232619697683,"grad_norm_layer_2":0.019629699751356568,"dead_frac_layer_0":0.14718359375,"_timestamp":1.772812566041072e+09,"epoch":10,"_wandb":{"runtime":43},"grad_norm_layer_1":0.018668684181964244,"test_f1":0.8906179081108512,"mean_act_layer_1":0.632341222979085,"_runtime":43,"mean_act_layer_2":0.6504412511842378,"train_loss":0.4524517313990335,"train_accuracy":0.8912037037037037,"mean_act_layer_0":0.5393354053511562,"_step":10,"val_accuracy":0.8916666666666667,"test_accuracy":0.8926,"dead_frac_layer_1":0.226671875}