{"mean_act_layer_1":0.09393805617020239,"mean_act_layer_0":0.10755648953031016,"grad_norm_layer_1":0.03905289006248862,"_wandb":{"runtime":71},"dead_frac_layer_1":0.9567317708333334,"mean_act_layer_2":0.11389384904039124,"test_accuracy":0.8097,"_runtime":71,"val_accuracy":0.7286666666666667,"dead_frac_layer_2":0.9545026041666667,"grad_norm_layer_3":0.045360147017903356,"train_loss":0.5022579301963805,"grad_norm_layer_0":0.07462351533190008,"_step":10,"_timestamp":1.7728119206430175e+09,"grad_norm_layer_2":0.030058012754233747,"dead_frac_layer_0":0.9570924479166667,"train_accuracy":0.7326666666666667,"test_f1":0.7944320246725405,"epoch":10}