{"dead_frac_layer_1":0.7845911458333333,"test_accuracy":0.9437,"_step":10,"dead_frac_layer_2":0.9267421875,"mean_act_layer_2":36.86265478725798,"_runtime":71,"grad_norm_layer_1":0.007527972393337078,"mean_act_layer_4":1.5854277740796585,"mean_act_layer_0":1.4065534657075571,"epoch":10,"train_loss":0.4163331043818576,"train_accuracy":0.935962962962963,"grad_norm_layer_0":0.003728447785119784,"grad_norm_layer_4":0.02632050007258523,"_timestamp":1.772805332181582e+09,"mean_act_layer_1":10.171750016446552,"dead_frac_layer_3":0.98374609375,"_wandb":{"runtime":71},"dead_frac_layer_4":0.9793307291666666,"dead_frac_layer_0":0.8918971354166667,"val_accuracy":0.925,"grad_norm_layer_3":0.06632632697246613,"grad_norm_layer_5":0.0025025015329287396,"mean_act_layer_3":8.439371891207985,"test_f1":0.9431069529291504,"grad_norm_layer_2":0.01178519581458598}