{"test_accuracy":0.9258,"mean_act_layer_1":0.7537918157624455,"dead_frac_layer_0":0.21358072916666668,"mean_act_layer_0":0.7241630815182656,"grad_norm_layer_0":0.10950171817971441,"_step":10,"_timestamp":1.772808224598908e+09,"_wandb":{"runtime":23},"test_f1":0.9248827657006731,"val_accuracy":0.9218333333333333,"grad_norm_layer_2":0.0607501934834647,"train_loss":0.3094204063584329,"epoch":10,"train_accuracy":0.9251481481481482,"dead_frac_layer_1":0.2895755208333333,"grad_norm_layer_1":0.06874052869278618,"_runtime":23}