{"_step":10,"test_accuracy":0.9451,"dead_frac_layer_0":0,"_wandb":{"runtime":51},"test_f1":0.9447207465083947,"grad_norm_layer_1":0.002460321117554175,"grad_norm_layer_2":0.004547975409075256,"epoch":10,"val_accuracy":0.946,"train_loss":0.24400671116793698,"mean_act_layer_1":0.15124795868685545,"_runtime":51,"dead_frac_layer_1":0,"_timestamp":1.7728077831811748e+09,"train_accuracy":0.9522222222222222,"grad_norm_layer_0":0.003778732406985734,"mean_act_layer_0":0.3084498901282741}