{"val_accuracy":0.927,"train_loss":0.30027301181767274,"test_f1":0.9295864618439769,"dead_frac_layer_1":0.25740885416666665,"epoch":10,"dead_frac_layer_0":0.21260286458333333,"_step":10,"grad_norm_layer_2":0.055382304623289656,"grad_norm_layer_0":0.08795419886811998,"grad_norm_layer_1":0.05043410376410264,"mean_act_layer_1":0.5546907430202095,"_wandb":{"runtime":59},"mean_act_layer_0":0.5007530319112432,"test_accuracy":0.9305,"train_accuracy":0.9273888888888889,"_runtime":59,"_timestamp":1.772812639243432e+09}