{"_runtime":36,"train_accuracy":0.10174074074074074,"_timestamp":1.7728106353274677e+09,"grad_norm_layer_1":0.00020721178084599223,"test_f1":0.0203861697350696,"_step":10,"mean_act_layer_0":0.5006321562438788,"grad_norm_layer_2":0.03617187738220706,"train_loss":2.3045224701205274,"dead_frac_layer_1":0,"dead_frac_layer_0":0,"val_accuracy":0.10616666666666667,"_wandb":{"runtime":36},"grad_norm_layer_0":1.4415790232826272e-05,"epoch":10,"mean_act_layer_1":0.4850158893321511,"test_accuracy":0.1135}