{"epoch":10,"grad_norm_layer_1":0.008306005105666304,"mean_act_layer_1":0.15277709484624588,"dead_frac_layer_0":0.9507669270833333,"test_f1":0.8709387865446976,"test_accuracy":0.8742,"mean_act_layer_0":0.11790953186845371,"train_accuracy":0.8589074074074075,"_step":10,"_timestamp":1.7728117555438366e+09,"grad_norm_layer_0":0.0105257960363959,"val_accuracy":0.8538333333333333,"_runtime":41,"_wandb":{"runtime":41},"dead_frac_layer_1":0.9232630208333333,"train_loss":0.5847668078773679,"grad_norm_layer_2":0.012632530164135031}