{"train_loss":2.304682212245217,"dead_frac_layer_2":1,"_runtime":23,"mean_act_layer_2":0,"_step":10,"dead_frac_layer_0":0.6858802083333333,"val_accuracy":0.11016666666666666,"grad_norm_layer_3":0,"mean_act_layer_0":0.246086297063203,"_timestamp":1.7728143632774968e+09,"mean_act_layer_1":0.010302201798742671,"dead_frac_layer_1":0.9452955729166667,"epoch":10,"train_accuracy":0.1126111111111111,"grad_norm_layer_2":0,"test_f1":0.0203861697350696,"grad_norm_layer_1":0,"grad_norm_layer_0":0,"test_accuracy":0.1135,"_wandb":{"runtime":23}}