{"train_loss":0.7818125662370131,"_wandb":{"runtime":166},"dead_frac_layer_2":0.994390625,"val_accuracy":0.6638333333333334,"mean_act_layer_2":1.2479070205749279,"_step":10,"grad_norm_layer_2":3.1315043037532966e-07,"grad_norm_layer_0":4.151072743820377e-08,"_timestamp":1.7728097521625865e+09,"_runtime":166,"test_f1":0.9436239779451402,"train_accuracy":0.6733518518518519,"test_accuracy":0.943,"mean_act_layer_1":42.630303662881104,"grad_norm_layer_3":2.040133424392166e-09,"grad_norm_layer_1":1.499709709829471e-07,"dead_frac_layer_0":0.8488893229166666,"epoch":10,"dead_frac_layer_1":0.83044140625,"mean_act_layer_0":3.834138480810279}