{"test_f1":0.0203861697350696,"_timestamp":1.772814113783647e+09,"train_accuracy":0.09922222222222223,"_step":10,"_runtime":41,"epoch":10,"test_accuracy":0.1135,"mean_act_layer_1":0.9999765171760426,"mean_act_layer_2":0.9999999973582203,"grad_norm_layer_1":1.9411863737260849e-13,"dead_frac_layer_2":0,"_wandb":{"runtime":41},"train_loss":6.609538546456362,"grad_norm_layer_3":0.043186837193742535,"mean_act_layer_0":0.9914550980534347,"dead_frac_layer_0":0,"val_accuracy":0.0985,"grad_norm_layer_2":2.088045570492997e-10,"grad_norm_layer_0":9.952384845330121e-15,"dead_frac_layer_1":0}