{"_runtime":42,"grad_norm_layer_1":0.01631026143244392,"grad_norm_layer_2":0.014576725112879814,"mean_act_layer_1":0.61488655074165,"train_accuracy":0.883,"val_accuracy":0.8823333333333333,"mean_act_layer_0":0.541222028427067,"test_accuracy":0.8883,"_step":10,"test_f1":0.8858517949914985,"_timestamp":1.7728114856933491e+09,"grad_norm_layer_0":0.019888499154073792,"dead_frac_layer_1":0.27934895833333334,"epoch":10,"_wandb":{"runtime":42},"dead_frac_layer_0":0.24726692708333334,"train_loss":0.5117584642881955}