{"grad_norm_layer_1":0.017557507955511333,"_step":10,"test_accuracy":0.8984,"train_accuracy":0.8963148148148148,"val_accuracy":0.8998333333333334,"test_f1":0.8965715775814381,"_runtime":41,"grad_norm_layer_0":0.02034567788320781,"_wandb":{"runtime":41},"dead_frac_layer_1":0.23312109375,"mean_act_layer_0":0.5436525259625169,"dead_frac_layer_0":0.13436328125,"grad_norm_layer_2":0.016027647799042248,"epoch":10,"mean_act_layer_1":0.5713138682412311,"_timestamp":1.7728107989267023e+09,"train_loss":0.45750047567760416}