{"grad_norm_layer_3":0.013155205467782921,"grad_norm_layer_2":0.015554783260839075,"_runtime":54,"epoch":10,"_wandb":{"runtime":54},"val_accuracy":0.9026666666666666,"grad_norm_layer_0":0.019594173754283285,"grad_norm_layer_1":0.014002821245257173,"train_accuracy":0.9025740740740741,"mean_act_layer_0":0.5762688887473143,"mean_act_layer_1":0.7978703007754202,"train_loss":0.3490812669069842,"_timestamp":1.7728030420741403e+09,"test_f1":0.9067386485748787,"mean_act_layer_2":1.0022442297344378,"dead_frac_layer_0":0.2844231770833333,"_step":10,"test_accuracy":0.9083,"dead_frac_layer_2":0.29835546875,"dead_frac_layer_1":0.31758203125}