{"_runtime":39,"dead_frac_layer_0":0,"test_f1":0.9657468588831991,"_wandb":{"runtime":39},"grad_norm_layer_0":0.0013289791308588384,"dead_frac_layer_1":0,"_step":10,"val_accuracy":0.9726666666666667,"_timestamp":1.7728128898138742e+09,"mean_act_layer_0":0.9539813839246155,"test_accuracy":0.966,"epoch":10,"train_accuracy":0.9805925925925926,"train_loss":0.08385916383009616,"grad_norm_layer_1":0.0013223588586974812,"grad_norm_layer_2":0.0021863625980816943,"mean_act_layer_1":0.9590644634709188}