{"grad_norm_layer_1":0.003957087217884114,"grad_norm_layer_0":0.006826104192175301,"mean_act_layer_1":0.24325833436938443,"test_f1":0.6756693599205115,"mean_act_layer_0":0.2780683216394399,"train_accuracy":0.6848148148148148,"dead_frac_layer_0":0.4150026041666667,"grad_norm_layer_2":0.003135757297336751,"dead_frac_layer_1":0.4601015625,"_runtime":15,"val_accuracy":0.6961666666666667,"_step":10,"test_accuracy":0.6979,"_wandb":{"runtime":15},"_timestamp":1.7728068309454327e+09,"epoch":10,"train_loss":1.528346038738779}