{"mean_act_layer_0":0.2270106849831026,"_timestamp":1.7728114318989093e+09,"val_accuracy":0.9566666666666667,"grad_norm_layer_0":0.0011417696693972205,"test_accuracy":0.957,"grad_norm_layer_2":0.0010169262850698445,"dead_frac_layer_0":0,"_step":10,"mean_act_layer_1":0.11129272476058166,"train_accuracy":0.9662962962962963,"dead_frac_layer_1":0,"grad_norm_layer_1":0.0008172554747259197,"_runtime":29,"_wandb":{"runtime":29},"epoch":10,"test_f1":0.9567035398192443,"train_loss":0.1636028043246613}