{"mean_act_layer_1":0.28732301455502396,"val_accuracy":0.9763333333333334,"_wandb":{"runtime":50},"mean_act_layer_0":0.2726052971034844,"grad_norm_layer_3":0.003322767876657161,"train_accuracy":0.992574074074074,"_runtime":50,"dead_frac_layer_1":0,"train_loss":0.030055429012390375,"dead_frac_layer_0":0,"grad_norm_layer_1":0.007492913369978522,"dead_frac_layer_2":0,"_step":10,"epoch":10,"_timestamp":1.7728138855000532e+09,"test_accuracy":0.9762,"test_f1":0.9759369743221844,"grad_norm_layer_0":0.011294122791768205,"mean_act_layer_2":0.2086695154729648,"grad_norm_layer_2":0.0038333344524494046}