{"dead_frac_layer_1":0.33229036458333333,"epoch":10,"_wandb":{"runtime":43},"_timestamp":1.7728115379167006e+09,"val_accuracy":0.9375,"dead_frac_layer_0":0.3189739583333333,"train_loss":0.21116863768263566,"mean_act_layer_0":0.6031587757024529,"grad_norm_layer_1":0.015345362120717397,"_runtime":43,"test_accuracy":0.9386,"grad_norm_layer_2":0.011253720766666087,"test_f1":0.9378206299291625,"_step":10,"grad_norm_layer_0":0.02516639851153359,"train_accuracy":0.9410925925925926,"mean_act_layer_1":0.8420630649481711}