{"_step":10,"mean_act_layer_0":0.021481315183428742,"mean_act_layer_1":0.01772434410815387,"grad_norm_layer_2":0.00652760911380938,"dead_frac_layer_1":0.9950924479166666,"_timestamp":1.7728105206803932e+09,"train_accuracy":0.2700740740740741,"test_f1":0.17084082166561265,"grad_norm_layer_0":0.0033424084352871013,"test_accuracy":0.2676,"epoch":10,"val_accuracy":0.2815,"grad_norm_layer_1":0.0013616151957163373,"dead_frac_layer_0":0.9950559895833333,"_runtime":42,"_wandb":{"runtime":42},"train_loss":2.036170984332609}