{"dead_frac_layer_2":0.3353216145833333,"grad_norm_layer_2":0.08776494311776412,"train_loss":0.3255465379523134,"dead_frac_layer_0":0.24908723958333334,"grad_norm_layer_3":0.08118966934602136,"_runtime":53,"val_accuracy":0.9113333333333333,"_timestamp":1.7728137798632703e+09,"_step":10,"mean_act_layer_0":0.5407353953857756,"grad_norm_layer_1":0.08351144497293655,"mean_act_layer_1":0.6676572940848057,"_wandb":{"runtime":53},"test_accuracy":0.9174,"train_accuracy":0.9161666666666667,"epoch":10,"grad_norm_layer_0":0.09991861759677592,"mean_act_layer_2":0.7073133701738685,"dead_frac_layer_1":0.25088671875,"test_f1":0.9161094695243766}