{"test_accuracy":0.9463,"grad_norm_layer_2":0.002778162112611342,"_wandb":{"runtime":43},"_step":10,"train_loss":0.2656752883247729,"_runtime":43,"train_accuracy":0.9471296296296297,"dead_frac_layer_0":0,"test_f1":0.9458331967250325,"mean_act_layer_0":0.30886185532583926,"mean_act_layer_1":0.1383082348829897,"_timestamp":1.7728113395735564e+09,"grad_norm_layer_1":0.0018324335084065548,"dead_frac_layer_1":0,"epoch":10,"grad_norm_layer_0":0.002118737706347644,"val_accuracy":0.9416666666666667}