{"mean_act_layer_0":0.492108316805964,"_step":10,"_wandb":{"runtime":54},"mean_act_layer_2":1.0148380402519563e-07,"grad_norm_layer_1":2.7891654110912303e-12,"dead_frac_layer_1":0,"grad_norm_layer_0":1.4803892718993073e-12,"grad_norm_layer_2":2.5925641188226678e-09,"grad_norm_layer_3":3.1613164260022427e-09,"val_accuracy":0.09266666666666666,"dead_frac_layer_0":0,"epoch":10,"test_f1":0.0203861697350696,"_runtime":54,"train_loss":2.3057948546967384,"mean_act_layer_1":0.4999843265552162,"dead_frac_layer_2":0,"test_accuracy":0.1135,"train_accuracy":0.09987037037037037,"_timestamp":1.772809573325504e+09}