{"_timestamp":1.7728124566651838e+09,"_runtime":35,"train_loss":0.11214709142687675,"grad_norm_layer_2":0.0006046944656190801,"dead_frac_layer_0":0,"grad_norm_layer_0":0.0011232734229363593,"grad_norm_layer_3":0.001429587154531494,"dead_frac_layer_2":0,"dead_frac_layer_1":0,"grad_norm_layer_1":0.0009101351188983598,"train_accuracy":0.9712037037037037,"mean_act_layer_0":0.9610116385785678,"test_accuracy":0.9568,"_step":10,"epoch":10,"val_accuracy":0.9583333333333334,"test_f1":0.9563020904108852,"mean_act_layer_1":0.9602977265408513,"_wandb":{"runtime":35},"mean_act_layer_2":0.9688596889624987}