{"dead_frac_layer_2":0.98691796875,"_timestamp":1.7728098964662564e+09,"train_accuracy":0.39596296296296296,"grad_norm_layer_1":0.00040916912959140014,"grad_norm_layer_3":0.0008232138957559287,"grad_norm_layer_0":0.0116137158995593,"_wandb":{"runtime":32},"mean_act_layer_0":0.030728928651729822,"mean_act_layer_1":0.059245118871104105,"test_f1":0.2948434051958886,"dead_frac_layer_3":0.952359375,"dead_frac_layer_1":0.97359765625,"mean_act_layer_2":0.06122768259458004,"dead_frac_layer_0":0.9920872395833333,"val_accuracy":0.3955,"mean_act_layer_3":0.08716250847002427,"epoch":10,"train_loss":1.5544139300277977,"_step":10,"_runtime":32,"grad_norm_layer_2":0.00042285081183707625,"grad_norm_layer_4":0.014429408233123055,"test_accuracy":0.3899}