{"dead_frac_layer_1":0.21504557291666668,"_timestamp":1.7728124112877908e+09,"train_accuracy":0.8913518518518518,"test_f1":0.8905849036240893,"mean_act_layer_0":0.5305693302912429,"mean_act_layer_2":0.6665342279932177,"grad_norm_layer_2":0.015599435720533605,"train_loss":0.4505636839494523,"epoch":10,"grad_norm_layer_0":0.01987696715859188,"_step":10,"grad_norm_layer_1":0.01591554709659298,"dead_frac_layer_0":0.13579947916666665,"mean_act_layer_1":0.6228029166727959,"test_accuracy":0.8928,"dead_frac_layer_2":0.26421223958333334,"grad_norm_layer_3":0.015663127600148517,"_wandb":{"runtime":42},"_runtime":42,"val_accuracy":0.8911666666666667}