{"mean_act_layer_0":2.3883871800452976,"dead_frac_layer_0":0.8600989583333334,"grad_norm_layer_0":0.01611393320984292,"grad_norm_layer_2":0.29098162720017867,"_wandb":{"runtime":54},"_runtime":54,"train_accuracy":0.9574259259259259,"grad_norm_layer_1":0.0909914843796682,"test_accuracy":0.9509,"test_f1":0.9511327165144461,"_timestamp":1.7728052288087757e+09,"mean_act_layer_2":2.362722545967907,"dead_frac_layer_2":0.9765390625,"grad_norm_layer_3":0.03781100518873954,"train_loss":0.28373253558238,"dead_frac_layer_1":0.8996002604166666,"mean_act_layer_1":8.62135237766896,"_step":10,"val_accuracy":0.9495,"epoch":10}