{"mean_act_layer_0":0.3009979849089083,"grad_norm_layer_1":0.006247161609343703,"_runtime":60,"_wandb":{"runtime":60},"_timestamp":1.7728069853795335e+09,"test_f1":0.889132898465153,"grad_norm_layer_0":0.014906027536510314,"dead_frac_layer_0":0,"test_accuracy":0.8912,"mean_act_layer_1":0.31565258150730385,"train_loss":0.523737368053686,"dead_frac_layer_1":0,"grad_norm_layer_2":0.0055621563473737335,"_step":10,"val_accuracy":0.8758333333333334,"train_accuracy":0.8841481481481481,"epoch":10}