{"dead_frac_layer_0":0.18590755208333334,"_runtime":40,"_step":10,"_timestamp":1.772811392557159e+09,"grad_norm_layer_2":0.004395313465035274,"mean_act_layer_1":0.08650882446953025,"epoch":10,"train_loss":2.1330266067569816,"mean_act_layer_0":0.11891461505482823,"_wandb":{"runtime":40},"val_accuracy":0.22133333333333333,"grad_norm_layer_0":0.008811363433480955,"train_accuracy":0.22294444444444445,"grad_norm_layer_1":0.0015087334197526339,"test_accuracy":0.2228,"test_f1":0.09579577138544328,"dead_frac_layer_1":0.3844309895833333}