{"_timestamp":1.7728112400855834e+09,"val_accuracy":0.9701666666666666,"grad_norm_layer_3":6.719072885514976e-05,"mean_act_layer_0":0.23188288243930277,"train_loss":0.04929223681071493,"_runtime":45,"epoch":10,"_step":10,"dead_frac_layer_0":0,"dead_frac_layer_1":0,"test_f1":0.9749314288305033,"_wandb":{"runtime":45},"train_accuracy":0.9870740740740741,"grad_norm_layer_2":9.916321522707791e-05,"grad_norm_layer_1":9.79789361233764e-05,"mean_act_layer_2":0.12421981667242214,"grad_norm_layer_0":0.0001737067356412414,"mean_act_layer_1":0.2509985745497081,"test_accuracy":0.9751,"dead_frac_layer_2":0}