{"grad_norm_layer_0":5.354263060328758e-06,"train_accuracy":0.11266666666666666,"grad_norm_layer_2":5.227533781937064e-06,"_wandb":{"runtime":25},"_step":10,"grad_norm_layer_1":6.2184972276547235e-06,"test_accuracy":0.1135,"val_accuracy":0.10966666666666666,"_timestamp":1.7728086497266636e+09,"mean_act_layer_0":0.034443274151564354,"dead_frac_layer_1":0.5346940104166666,"mean_act_layer_1":0.0025590108713798034,"mean_act_layer_2":0.0002567264736275581,"_runtime":25,"grad_norm_layer_3":5.773636895429645e-06,"dead_frac_layer_0":0.5123098958333333,"epoch":10,"train_loss":2.3021889469676444,"dead_frac_layer_2":0.4877213541666667,"test_f1":0.0203861697350696}