{"train_loss":2.031667507308136,"val_accuracy":0.2325,"grad_norm_layer_1":0.015552602759083836,"dead_frac_layer_1":0.9921875,"grad_norm_layer_0":0.009608479799737212,"epoch":10,"mean_act_layer_0":0.033109139564149355,"train_accuracy":0.22716666666666666,"_runtime":34,"dead_frac_layer_0":0.9940625,"_timestamp":1.7728112861508634e+09,"test_f1":0.18169873535662442,"_wandb":{"runtime":34},"mean_act_layer_1":0.027302739312926576,"test_accuracy":0.2806,"_step":10,"grad_norm_layer_2":0.01900616118225295}