{"dead_frac_layer_1":0.956234375,"grad_norm_layer_3":0,"mean_act_layer_1":0.01497686081178508,"grad_norm_layer_1":0,"epoch":10,"_wandb":{"runtime":43},"grad_norm_layer_2":0,"_step":10,"test_accuracy":0.1135,"test_f1":0.0203861697350696,"_timestamp":1.7728123575064316e+09,"mean_act_layer_0":0.36283050887941626,"dead_frac_layer_2":1,"train_loss":2.306097727428408,"_runtime":43,"grad_norm_layer_0":0,"dead_frac_layer_0":0.5691953125,"mean_act_layer_2":0,"val_accuracy":0.09783333333333333,"train_accuracy":0.09946296296296296}