{"test_accuracy":0.1135,"mean_act_layer_0":0.6620255783868796,"_step":10,"grad_norm_layer_2":2.0739296321908262e-09,"grad_norm_layer_3":5.0329493600413166e-09,"dead_frac_layer_1":0,"_runtime":53,"epoch":10,"mean_act_layer_2":1.3103890528371192e-07,"val_accuracy":0.1005,"_wandb":{"runtime":53},"grad_norm_layer_0":2.5033343266516256e-13,"dead_frac_layer_2":0,"dead_frac_layer_0":0,"train_accuracy":0.09842592592592593,"_timestamp":1.772813411901205e+09,"train_loss":2.3057705992348865,"grad_norm_layer_1":9.673350005135767e-13,"test_f1":0.0203861697350696,"mean_act_layer_1":0.40624430731863165}