{"epoch":10,"train_accuracy":0.887962962962963,"mean_act_layer_0":0.993992804173784,"val_accuracy":0.8886666666666667,"dead_frac_layer_1":0,"grad_norm_layer_1":0.0015610918450688568,"grad_norm_layer_2":0.003964184612239621,"_step":10,"_wandb":{"runtime":31},"dead_frac_layer_0":0,"mean_act_layer_1":0.993095722664782,"_timestamp":1.7728127511798975e+09,"_runtime":31,"test_accuracy":0.8863,"train_loss":0.6787300596040835,"test_f1":0.8856782358403776,"grad_norm_layer_0":0.0025228052730080558}