{"_runtime":42,"_wandb":{"runtime":42},"dead_frac_layer_0":0,"grad_norm_layer_0":0.0012922734059814232,"_step":10,"grad_norm_layer_2":0.0009666433107240279,"test_f1":0.9742008851729229,"train_accuracy":0.9936296296296296,"val_accuracy":0.9763333333333334,"dead_frac_layer_1":0,"mean_act_layer_1":0.2184855082346569,"grad_norm_layer_1":0.0006895279027670598,"epoch":10,"train_loss":0.03869602195854083,"test_accuracy":0.9745,"_timestamp":1.7728110781385815e+09,"mean_act_layer_0":0.22424712619693662}