{"epoch":10,"_timestamp":1.7728074686846037e+09,"dead_frac_layer_1":0,"test_f1":0.07057217557459086,"train_accuracy":0.11216666666666666,"grad_norm_layer_2":0.00035849240361550795,"_wandb":{"runtime":45},"train_loss":2.3016255583713923,"_runtime":45,"mean_act_layer_0":0.07085173897221086,"test_accuracy":0.1625,"val_accuracy":0.11416666666666667,"grad_norm_layer_0":0.00035621577027420716,"grad_norm_layer_1":0.00036781830941423166,"mean_act_layer_1":0.007803835985262722,"dead_frac_layer_0":0,"_step":10}