{"_runtime":57,"test_accuracy":0.1135,"epoch":10,"mean_act_layer_0":0.5003256792672468,"grad_norm_layer_2":0.0010132085704536217,"dead_frac_layer_0":0,"train_accuracy":0.1121111111111111,"dead_frac_layer_1":0,"grad_norm_layer_1":3.173513513843792e-05,"grad_norm_layer_0":1.996094756528116e-06,"grad_norm_layer_3":0.022558951583179485,"mean_act_layer_2":0.4964978654798772,"val_accuracy":0.11466666666666667,"_step":10,"_timestamp":1.7728093944032383e+09,"dead_frac_layer_2":0,"_wandb":{"runtime":57},"test_f1":0.0203861697350696,"mean_act_layer_1":0.498320740248591,"train_loss":2.302171012927592}