{"test_accuracy":0.1135,"mean_act_layer_1":0.0004744712083744777,"grad_norm_layer_3":0.00018502721130888062,"mean_act_layer_0":0.000556013407147416,"grad_norm_layer_2":1.7334351821846903e-07,"epoch":10,"_wandb":{"runtime":80},"dead_frac_layer_0":0.49406640625,"dead_frac_layer_1":0.28906510416666664,"_step":10,"train_accuracy":0.11257407407407408,"grad_norm_layer_1":3.2167799969067985e-10,"_runtime":80,"test_f1":0.0203861697350696,"grad_norm_layer_0":3.4737835369278544e-10,"_timestamp":1.772814327730961e+09,"mean_act_layer_2":0.0006223255742465741,"dead_frac_layer_2":0.4140625,"val_accuracy":0.1105,"train_loss":2.301252842567578}