{"grad_norm_layer_0":0.010630470931388447,"grad_norm_layer_2":0.007493166998736241,"test_f1":0.8922464699022704,"grad_norm_layer_1":0.007089123176408425,"mean_act_layer_2":0.6529938321234618,"epoch":10,"test_accuracy":0.8941,"dead_frac_layer_1":0.18691015625,"mean_act_layer_1":0.6422734144687989,"_wandb":{"runtime":63},"mean_act_layer_0":0.5393352474377447,"_step":10,"val_accuracy":0.8903333333333333,"_runtime":63,"_timestamp":1.7728127110374904e+09,"train_accuracy":0.8933333333333333,"grad_norm_layer_3":0.010151373629128668,"train_loss":0.4448582803252471,"dead_frac_layer_0":0.14221223958333334,"dead_frac_layer_2":0.29266796875}