{"_timestamp":1.7728063541186237e+09,"dead_frac_layer_2":0,"test_accuracy":0.8242,"mean_act_layer_1":0.3866999361705954,"dead_frac_layer_1":0,"grad_norm_layer_0":0.03527960763418177,"grad_norm_layer_3":0.008070477441706653,"mean_act_layer_0":0.3953087940346627,"mean_act_layer_2":0.43816104006627304,"_runtime":75,"epoch":15,"_step":15,"grad_norm_layer_1":0.01194098823704434,"train_accuracy":0.833574074074074,"val_accuracy":0.836,"train_loss":0.47526529108860355,"dead_frac_layer_0":0,"test_f1":0.8224146886228165,"_wandb":{"runtime":75},"grad_norm_layer_2":0.009479095587346255}