{"epoch":10,"dead_frac_layer_0":0.13813411458333333,"_timestamp":1.7728110198303006e+09,"grad_norm_layer_0":0.013387709818351908,"_wandb":{"runtime":35},"test_accuracy":0.8994,"_runtime":35,"grad_norm_layer_1":0.008907038267353222,"test_f1":0.8975288065415207,"train_accuracy":0.8960185185185185,"mean_act_layer_1":0.5843946933527203,"mean_act_layer_0":0.538039119378109,"val_accuracy":0.8943333333333333,"_step":10,"dead_frac_layer_1":0.23473046875,"grad_norm_layer_2":0.010321503379123435,"train_loss":0.45527545030511096}