{"dead_frac_layer_2":0,"epoch":10,"val_accuracy":0.10966666666666666,"mean_act_layer_0":0.5431047320003994,"dead_frac_layer_1":0,"train_loss":2.304348226144955,"mean_act_layer_1":0.5078146977864187,"grad_norm_layer_3":3.101064095517097e-09,"mean_act_layer_2":3.7190799127274087e-07,"grad_norm_layer_2":3.4593230458697695e-09,"_step":10,"test_f1":0.0203861697350696,"train_accuracy":0.11266666666666666,"dead_frac_layer_0":0,"grad_norm_layer_0":5.503621321978871e-13,"grad_norm_layer_1":4.7443654043200235e-12,"test_accuracy":0.1135,"_timestamp":1.7728079493069882e+09,"_runtime":46,"_wandb":{"runtime":46}}