{"_timestamp":1.7728117049436023e+09,"dead_frac_layer_2":0.29567578125,"dead_frac_layer_1":0.35630859375,"_step":10,"grad_norm_layer_3":0.0093576139041048,"epoch":10,"grad_norm_layer_0":0.019944097883127513,"test_accuracy":0.9507,"test_f1":0.9501238687106769,"dead_frac_layer_0":0.30613671875,"mean_act_layer_2":1.0131827500345283,"grad_norm_layer_1":0.013447829560260086,"train_loss":0.17119515915444708,"grad_norm_layer_2":0.012087843015277388,"_wandb":{"runtime":40},"mean_act_layer_1":0.7549582312089066,"val_accuracy":0.9451666666666667,"train_accuracy":0.9535370370370371,"mean_act_layer_0":0.5792602803855783,"_runtime":40}