{"test_accuracy":0.8433,"_step":10,"mean_act_layer_0":0.4904633254916329,"dead_frac_layer_2":0.33621223958333335,"test_f1":0.8368520338671914,"_runtime":37,"_wandb":{"runtime":37},"dead_frac_layer_0":0.30426692708333336,"mean_act_layer_1":0.5164060964451692,"dead_frac_layer_1":0.3866354166666667,"val_accuracy":0.8315,"mean_act_layer_2":0.5926387882323871,"grad_norm_layer_0":0.012346945985248345,"_timestamp":1.7728057225626311e+09,"train_accuracy":0.834462962962963,"grad_norm_layer_3":0.007804254383356483,"epoch":10,"grad_norm_layer_2":0.009412891820127244,"train_loss":0.3132417009057868,"grad_norm_layer_1":0.009009064940896656}