{"dead_frac_layer_0":0.8619244791666667,"epoch":10,"_wandb":{"runtime":36},"train_loss":0.3041533214692228,"val_accuracy":0.9426666666666667,"grad_norm_layer_3":0.029531609456607707,"_runtime":36,"mean_act_layer_1":7.872904535955909,"mean_act_layer_2":1.161096601990008,"test_accuracy":0.9506,"grad_norm_layer_1":0.028848758404245924,"dead_frac_layer_1":0.9018606770833333,"_step":10,"mean_act_layer_0":2.396888631478525,"grad_norm_layer_0":0.0077946357443787456,"dead_frac_layer_2":0.9857838541666667,"train_accuracy":0.9546111111111111,"test_f1":0.9505268221336131,"_timestamp":1.7728031873978968e+09,"grad_norm_layer_2":0.1288978943044725}