{"train_accuracy":0.8918703703703704,"dead_frac_layer_2":0.25903776041666665,"_runtime":40,"test_f1":0.8895915835020858,"_timestamp":1.772814234703632e+09,"dead_frac_layer_0":0.11848046875,"_step":10,"mean_act_layer_0":0.5579223860388478,"_wandb":{"runtime":40},"grad_norm_layer_1":0.01650120686410337,"grad_norm_layer_3":0.0158302754231541,"mean_act_layer_2":0.663802555227729,"mean_act_layer_1":0.6127485128151308,"test_accuracy":0.8915,"grad_norm_layer_0":0.018506764614451977,"val_accuracy":0.8875,"train_loss":0.4503573082922701,"grad_norm_layer_2":0.01648897185507718,"epoch":10,"dead_frac_layer_1":0.24157291666666666}