{"train_loss":0.6439724743703655,"_step":10,"dead_frac_layer_0":0,"_runtime":31,"test_accuracy":0.8843,"grad_norm_layer_0":0.005077508235229083,"_wandb":{"runtime":31},"grad_norm_layer_1":0.0020645168632851666,"dead_frac_layer_1":0,"grad_norm_layer_2":0.006895938176884962,"val_accuracy":0.8796666666666667,"train_accuracy":0.8838518518518519,"mean_act_layer_0":0.9939884582774831,"_timestamp":1.7728120920151513e+09,"epoch":10,"mean_act_layer_1":0.9918807669596054,"test_f1":0.8824526111631066}