{"train_accuracy":0.5252222222222223,"_step":10,"epoch":10,"mean_act_layer_2":0.11297463273555661,"dead_frac_layer_0":0.49394791666666665,"grad_norm_layer_0":0.017060423327030817,"grad_norm_layer_1":0.00941361928314885,"val_accuracy":0.5306666666666666,"test_accuracy":0.5352,"dead_frac_layer_1":0.5066419270833333,"dead_frac_layer_2":0.4654934895833333,"train_loss":2.0117601356855563,"_wandb":{"runtime":19},"mean_act_layer_0":0.1972825004506229,"grad_norm_layer_3":0.007045547221151082,"mean_act_layer_1":0.15911593098650276,"grad_norm_layer_2":0.010600994772950413,"test_f1":0.5162752468748162,"_timestamp":1.7728021120034666e+09,"_runtime":19}