{"grad_norm_layer_4":0.1066880930292923,"mean_act_layer_3":0.485139303994077,"mean_act_layer_2":0.5003728815152161,"grad_norm_layer_1":1.7075396146450563e-08,"dead_frac_layer_1":0,"dead_frac_layer_3":0,"_wandb":{"runtime":96},"_timestamp":1.7728095040944402e+09,"mean_act_layer_0":0.5000046039595609,"grad_norm_layer_0":8.656448379023345e-12,"grad_norm_layer_2":2.176954740852962e-05,"mean_act_layer_1":0.5000088848740954,"test_accuracy":0.1135,"grad_norm_layer_3":0.0008333797013008507,"dead_frac_layer_0":0,"train_loss":2.3043185879362467,"dead_frac_layer_2":0,"_runtime":96,"epoch":10,"train_accuracy":0.09787037037037037,"val_accuracy":0.1055,"_step":10,"test_f1":0.0203861697350696}