{"dead_frac_layer_0":0,"grad_norm_layer_2":7.141814020547393e-08,"_timestamp":1.7728091853588634e+09,"mean_act_layer_0":0.45212544142075883,"mean_act_layer_2":0.39860255357170793,"mean_act_layer_1":0.4210863765433034,"_step":10,"grad_norm_layer_1":1.4885942220164309e-08,"dead_frac_layer_1":0,"dead_frac_layer_3":0,"test_accuracy":0.1135,"epoch":10,"grad_norm_layer_4":5.041587756186114e-05,"grad_norm_layer_0":7.438253948307214e-09,"train_accuracy":0.10283333333333333,"_runtime":37,"train_loss":2.301899722884117,"dead_frac_layer_2":0,"_wandb":{"runtime":37},"val_accuracy":0.09633333333333334,"grad_norm_layer_3":7.975157349683462e-07,"test_f1":0.0203861697350696,"mean_act_layer_3":0.002663742762258365}