{"_step":10,"_runtime":78,"mean_act_layer_1":0.8112750134626617,"dead_frac_layer_2":0.36637890625,"grad_norm_layer_2":0.15659486422888214,"test_f1":0.9424287471606811,"dead_frac_layer_1":0.32608463541666666,"mean_act_layer_0":0.5267744206610783,"grad_norm_layer_0":0.19807093311000265,"test_accuracy":0.9431,"_wandb":{"runtime":78},"grad_norm_layer_1":0.15379822030555215,"mean_act_layer_2":0.9630351835743225,"grad_norm_layer_3":0.11423636469191956,"dead_frac_layer_0":0.3690481770833333,"_timestamp":1.7728080881585202e+09,"val_accuracy":0.9398333333333333,"train_loss":0.19572073735226356,"train_accuracy":0.9466481481481481,"epoch":10}