{"dead_frac_layer_0":0.3575963541666667,"test_f1":0.8223117091240562,"train_accuracy":0.8200925925925926,"_step":3,"test_accuracy":0.8264,"_timestamp":1.772800764420861e+09,"mean_act_layer_2":0.5724076666136045,"dead_frac_layer_2":0.3442734375,"val_accuracy":0.8153333333333334,"grad_norm_layer_3":0.02008998973121178,"train_loss":0.905012013643019,"_runtime":10,"_wandb":{"runtime":10},"mean_act_layer_0":0.4259841923647732,"mean_act_layer_1":0.5383927529397534,"grad_norm_layer_2":0.019893343739228908,"grad_norm_layer_0":0.021617118617961017,"dead_frac_layer_1":0.3598502604166667,"epoch":3,"grad_norm_layer_1":0.015680000106577826}