{"val_accuracy":0.9198333333333333,"grad_norm_layer_2":0.05084933239816704,"_runtime":57,"mean_act_layer_0":0.48281900489125806,"mean_act_layer_1":0.5589131789000399,"test_accuracy":0.9251,"train_loss":0.30298854629647193,"train_accuracy":0.9239814814814815,"dead_frac_layer_0":0.22479166666666667,"_timestamp":1.7728102879905262e+09,"test_f1":0.9242371873724039,"_wandb":{"runtime":57},"grad_norm_layer_0":0.10798592572675135,"dead_frac_layer_1":0.2582291666666667,"epoch":10,"_step":10,"grad_norm_layer_1":0.06144607367176923}