{"grad_norm_layer_2":9.855718608641381e-06,"_timestamp":1.7728100975400264e+09,"dead_frac_layer_0":0,"mean_act_layer_0":0.9934085262361741,"dead_frac_layer_1":0,"test_accuracy":0.1135,"_runtime":52,"grad_norm_layer_0":5.488944290128773e-11,"_step":10,"mean_act_layer_1":0.4920511891117558,"mean_act_layer_2":0.009522838377713276,"epoch":10,"dead_frac_layer_2":0,"grad_norm_layer_3":4.770866085665759e-05,"test_f1":0.0203861697350696,"train_loss":2.3058255895996713,"train_accuracy":0.09907407407407408,"_wandb":{"runtime":52},"val_accuracy":0.09983333333333333,"grad_norm_layer_1":8.514349225207758e-07}