{"dead_frac_layer_0":0.22523046875,"dead_frac_layer_1":0.26386588541666667,"grad_norm_layer_0":0.09193879160081149,"dead_frac_layer_2":0.30100390625,"train_accuracy":0.9178703703703703,"mean_act_layer_2":0.7316203682509105,"mean_act_layer_1":0.6660331362767913,"test_f1":0.9168543452856499,"grad_norm_layer_1":0.06140171950128691,"grad_norm_layer_3":0.049203182613373496,"train_loss":0.32270920334771086,"_timestamp":1.7728121723105376e+09,"mean_act_layer_0":0.5581517305473497,"_wandb":{"runtime":66},"_runtime":66,"grad_norm_layer_2":0.057300534767816,"epoch":10,"test_accuracy":0.9182,"_step":10,"val_accuracy":0.9158333333333334}