{"mean_act_layer_1":0.11492135585989519,"dead_frac_layer_2":0.8544270833333333,"mean_act_layer_0":0.4648096812602499,"train_accuracy":0.11231481481481481,"val_accuracy":0.11283333333333333,"_step":10,"_runtime":21,"dead_frac_layer_3":1,"_wandb":{"runtime":21},"grad_norm_layer_1":0,"test_accuracy":0.1135,"test_f1":0.0203861697350696,"mean_act_layer_3":0,"grad_norm_layer_0":0,"grad_norm_layer_2":0,"dead_frac_layer_0":0.5408828125,"mean_act_layer_2":0.01925881491864514,"grad_norm_layer_3":0,"epoch":10,"grad_norm_layer_4":0,"train_loss":2.3044929207761475,"dead_frac_layer_1":0.6644296875,"_timestamp":1.7728086848225825e+09}