{"dead_frac_layer_0":0.2104140625,"grad_norm_layer_2":0.012366876414141543,"val_accuracy":0.8806666666666667,"_wandb":{"runtime":48},"test_f1":0.879422759939654,"dead_frac_layer_1":0.24293619791666668,"mean_act_layer_2":0.6861862130130829,"mean_act_layer_0":0.570818932934091,"grad_norm_layer_1":0.011643449803256442,"mean_act_layer_1":0.6840807266204785,"train_accuracy":0.8766296296296296,"_timestamp":1.7728131760769448e+09,"_runtime":48,"grad_norm_layer_3":0.011026097236180695,"test_accuracy":0.8816,"epoch":10,"dead_frac_layer_2":0.31435546875,"train_loss":0.5037425490287167,"_step":10,"grad_norm_layer_0":0.01717504707475598}