{"dead_frac_layer_1":0,"_timestamp":1.7728071990553036e+09,"dead_frac_layer_0":0,"mean_act_layer_1":0.26833276495506214,"grad_norm_layer_2":0.003413372194698309,"test_accuracy":0.0677,"grad_norm_layer_0":0.011858001599581594,"_wandb":{"runtime":18},"_step":10,"val_accuracy":0.0705,"mean_act_layer_0":0.32792195634914884,"_runtime":18,"epoch":10,"grad_norm_layer_1":0.004595452510648034,"train_accuracy":0.07594444444444444,"test_f1":0.049762469206651214,"train_loss":2.3819868042961634}