{"test_f1":0.0203861697350696,"epoch":10,"dead_frac_layer_0":0,"val_accuracy":0.1105,"mean_act_layer_0":0.057355434420229,"_timestamp":1.7728070651540012e+09,"_wandb":{"runtime":63},"_runtime":63,"dead_frac_layer_1":0,"_step":10,"mean_act_layer_1":0.006355025153312127,"test_accuracy":0.1135,"grad_norm_layer_0":0.0005449465701438739,"grad_norm_layer_2":0.0005209934135637176,"train_loss":2.2970126757658687,"grad_norm_layer_1":0.000472687625138923,"train_accuracy":0.11257407407407408}