{"test_f1":0.9576341623635594,"mean_act_layer_0":0.9590749853379099,"_step":10,"train_loss":0.14394392446921112,"dead_frac_layer_0":0,"test_accuracy":0.9582,"grad_norm_layer_2":0.0013631946334848048,"val_accuracy":0.9466666666666667,"grad_norm_layer_1":0.0027626447790606292,"grad_norm_layer_0":0.004119387060423493,"mean_act_layer_3":0.9749837946941594,"dead_frac_layer_3":0,"_timestamp":1.7728133447026079e+09,"grad_norm_layer_3":0.000899840448169217,"mean_act_layer_1":0.9614686579152157,"train_accuracy":0.956037037037037,"dead_frac_layer_1":0,"_runtime":40,"_wandb":{"runtime":40},"dead_frac_layer_2":0,"mean_act_layer_2":0.9697993660032231,"epoch":10,"grad_norm_layer_4":0.002250375988258904}