{"mean_act_layer_1":0.4976345737085673,"test_accuracy":0.1135,"_timestamp":1.7728089850894685e+09,"_step":10,"train_accuracy":0.11181481481481481,"dead_frac_layer_0":0,"grad_norm_layer_0":0.0001496208850769797,"dead_frac_layer_3":0,"dead_frac_layer_2":0,"grad_norm_layer_3":0.006312783302600296,"test_f1":0.0203861697350696,"mean_act_layer_2":0.5072633582248737,"_runtime":66,"epoch":10,"train_loss":2.3011058877139314,"grad_norm_layer_1":0.00033451940821759045,"mean_act_layer_0":0.4976547004789573,"grad_norm_layer_2":0.0015521668694824559,"val_accuracy":0.11733333333333333,"_wandb":{"runtime":66},"mean_act_layer_3":0.5007799735984444,"dead_frac_layer_1":0,"grad_norm_layer_4":0.019713734773889248}