{"test_accuracy":0.9539,"_timestamp":1.7728115823963532e+09,"_runtime":30,"val_accuracy":0.954,"grad_norm_layer_0":0.001127499745349703,"mean_act_layer_0":0.26736294357860885,"dead_frac_layer_0":0,"mean_act_layer_1":0.11036997840411185,"grad_norm_layer_1":0.0007760105087216693,"dead_frac_layer_1":0,"train_accuracy":0.9646666666666667,"_wandb":{"runtime":30},"epoch":10,"test_f1":0.9532941220821216,"train_loss":0.1660130860488088,"grad_norm_layer_2":0.0005665204149873424,"_step":10}