{"mean_act_layer_0":0.23087183890060695,"_timestamp":1.7728082612784774e+09,"dead_frac_layer_2":0,"mean_act_layer_3":0.122288366316472,"grad_norm_layer_3":0.000518693570322884,"mean_act_layer_1":0.1928734706430957,"grad_norm_layer_2":0.0001584167100422114,"_step":10,"mean_act_layer_2":0.4258749121834812,"train_accuracy":0.9792962962962963,"grad_norm_layer_4":0.0005395287643978585,"dead_frac_layer_1":0,"epoch":10,"dead_frac_layer_3":0,"dead_frac_layer_0":0,"_wandb":{"runtime":25},"val_accuracy":0.9625,"_runtime":25,"test_accuracy":0.9596,"train_loss":0.08883220571282491,"grad_norm_layer_1":0.0008164594589485347,"grad_norm_layer_0":0.0012117725201644244,"test_f1":0.9594671008204003}