{"mean_act_layer_0":0.5808342978261528,"epoch":10,"test_f1":0.9044245436145406,"train_loss":0.35180163519251834,"_runtime":35,"dead_frac_layer_1":0.31734765625,"grad_norm_layer_3":0.016908498576090607,"mean_act_layer_1":0.8126484894658575,"val_accuracy":0.9023333333333333,"_wandb":{"runtime":35},"grad_norm_layer_0":0.03100282982265815,"mean_act_layer_2":0.9001975322577533,"train_accuracy":0.901962962962963,"_step":10,"_timestamp":1.7728058254349864e+09,"grad_norm_layer_2":0.021860445111808124,"test_accuracy":0.9058,"dead_frac_layer_2":0.35470442708333333,"grad_norm_layer_1":0.02124935864438183,"dead_frac_layer_0":0.28391796875}