{"mean_act_layer_0":0.20419698065961153,"mean_act_layer_1":0.23364348869023335,"grad_norm_layer_0":0.005192457859176259,"val_accuracy":0.9718333333333333,"grad_norm_layer_2":0.001016336474818961,"_timestamp":1.7728101564535005e+09,"test_accuracy":0.9738,"_runtime":41,"grad_norm_layer_1":0.0015537195723846352,"train_accuracy":0.9941296296296296,"epoch":10,"train_loss":0.02977194112095487,"_wandb":{"runtime":41},"dead_frac_layer_1":0,"test_f1":0.973726787147986,"dead_frac_layer_0":0,"_step":10}