{"epoch":10,"_timestamp":1.7728130553618772e+09,"grad_norm_layer_1":0.008935752759443708,"test_f1":0.8986530512723961,"mean_act_layer_0":0.5431489327685664,"dead_frac_layer_0":0.15599739583333333,"grad_norm_layer_0":0.014772824802174902,"test_accuracy":0.9005,"_step":10,"val_accuracy":0.8991666666666667,"dead_frac_layer_1":0.22500390625,"train_accuracy":0.8981481481481481,"_runtime":38,"_wandb":{"runtime":38},"grad_norm_layer_2":0.008881249481952834,"mean_act_layer_1":0.5797653567000732,"train_loss":0.4544624440566035}