{"train_loss":2.0315785665730024,"_timestamp":1.772809129017156e+09,"epoch":10,"grad_norm_layer_1":0.000697013981765502,"mean_act_layer_1":0.05560586725036088,"_runtime":17,"grad_norm_layer_0":0.006685592469852262,"_wandb":{"runtime":17},"train_accuracy":0.23779629629629628,"mean_act_layer_0":0.06718091668660962,"val_accuracy":0.237,"_step":10,"test_accuracy":0.2872,"dead_frac_layer_0":0.9870286458333334,"dead_frac_layer_1":0.984375,"test_f1":0.17616767002060515,"grad_norm_layer_2":0.005014199803346626}