{"test_f1":0.43677302819180686,"dead_frac_layer_0":0,"_step":10,"grad_norm_layer_0":0.011509906358503706,"val_accuracy":0.4525,"_timestamp":1.772807261465999e+09,"mean_act_layer_0":0.30448856210210695,"grad_norm_layer_2":0.0036037928571019027,"train_loss":1.9475546756206563,"mean_act_layer_1":0.27040138279004594,"grad_norm_layer_1":0.004749635311558825,"train_accuracy":0.45905555555555555,"test_accuracy":0.477,"_wandb":{"runtime":16},"dead_frac_layer_1":0,"epoch":10,"_runtime":16}