{"_step":10,"grad_norm_layer_3":0.00038922304878811814,"dead_frac_layer_3":0,"grad_norm_layer_4":0.015165932627153387,"val_accuracy":0.11533333333333333,"grad_norm_layer_0":2.207036575533473e-08,"mean_act_layer_0":0.4992121705349315,"_timestamp":1.7728099580062253e+09,"_wandb":{"runtime":50},"_runtime":50,"train_accuracy":0.11203703703703703,"train_loss":2.3015168195438642,"dead_frac_layer_2":0,"grad_norm_layer_2":1.0079016448572582e-05,"epoch":10,"test_accuracy":0.1135,"dead_frac_layer_0":0,"mean_act_layer_3":0.5015304891675518,"test_f1":0.0203861697350696,"mean_act_layer_2":0.4993306695433193,"grad_norm_layer_1":2.77632307014944e-07,"dead_frac_layer_1":0,"mean_act_layer_1":0.49978412038038905}