{"dead_frac_layer_0":0,"train_loss":0.6880023007820443,"grad_norm_layer_2":0.004360900219795702,"_timestamp":1.7728132921409068e+09,"_runtime":43,"mean_act_layer_0":0.9942324246138434,"val_accuracy":0.86,"test_f1":0.883483998139891,"mean_act_layer_1":0.9931273448138295,"_wandb":{"runtime":43},"test_accuracy":0.8844,"grad_norm_layer_0":0.004476414479339737,"dead_frac_layer_1":0,"_step":10,"epoch":10,"train_accuracy":0.8651111111111112,"grad_norm_layer_1":0.0015320175245963998}