{"mean_act_layer_2":0.0001959888406848139,"test_f1":0.0203861697350696,"grad_norm_layer_1":1.340348948411096e-06,"dead_frac_layer_0":0.4827682291666667,"test_accuracy":0.1135,"train_loss":2.302264164638184,"train_accuracy":0.1125,"grad_norm_layer_4":5.833821781365482e-06,"_runtime":37,"grad_norm_layer_2":1.321125747428632e-06,"_timestamp":1.7728068812444904e+09,"dead_frac_layer_1":0.5671497395833334,"_wandb":{"runtime":37},"grad_norm_layer_3":1.3689950068029847e-06,"grad_norm_layer_0":1.3610165946965449e-06,"mean_act_layer_3":6.784679122760393e-05,"dead_frac_layer_2":0.519859375,"_step":10,"mean_act_layer_0":0.03644216847262619,"dead_frac_layer_3":0.4955807291666667,"val_accuracy":0.11116666666666666,"mean_act_layer_1":0.0024422747379800563,"epoch":10}