{"grad_norm_layer_2":0,"grad_norm_layer_3":0,"dead_frac_layer_0":0.5981158854166667,"grad_norm_layer_4":0,"mean_act_layer_2":0.0061398405541887085,"_runtime":54,"dead_frac_layer_3":1,"test_accuracy":0.1135,"dead_frac_layer_2":0.7031575520833333,"_wandb":{"runtime":54},"train_loss":2.3022280217780144,"val_accuracy":0.112,"dead_frac_layer_1":0.7140325520833334,"_step":10,"train_accuracy":0.11240740740740741,"mean_act_layer_3":0,"test_f1":0.0203861697350696,"_timestamp":1.7728092521786509e+09,"epoch":10,"grad_norm_layer_0":0,"mean_act_layer_1":0.01903855314980746,"mean_act_layer_0":0.016562767586541273,"grad_norm_layer_1":0}