{"_wandb":{"runtime":20},"train_accuracy":0.11198148148148149,"_step":10,"mean_act_layer_1":0.5005944554123108,"epoch":10,"test_f1":0.0203861697350696,"grad_norm_layer_1":0.0001266330020247325,"grad_norm_layer_2":0.008132124490599095,"val_accuracy":0.11583333333333333,"grad_norm_layer_0":7.944421055703452e-06,"_runtime":20,"train_loss":2.301331808335438,"mean_act_layer_0":0.49832796129453116,"_timestamp":1.7728078152132368e+09,"dead_frac_layer_1":0,"dead_frac_layer_0":0,"test_accuracy":0.1135}