{"mean_act_layer_2":1.3364233453459065,"test_accuracy":0.9579,"train_loss":0.22365746595520938,"_runtime":49,"test_f1":0.9577605287488338,"grad_norm_layer_1":0.018240588503405458,"dead_frac_layer_0":0.8719231770833333,"grad_norm_layer_3":0.005936732778108097,"_step":10,"train_accuracy":0.9455555555555556,"grad_norm_layer_0":0.00774178744976674,"val_accuracy":0.9355,"epoch":10,"mean_act_layer_0":1.8849122034063621,"dead_frac_layer_2":0.97696875,"_timestamp":1.772810857896783e+09,"dead_frac_layer_1":0.90803515625,"grad_norm_layer_2":0.02067168015058933,"mean_act_layer_1":5.428878002772269,"_wandb":{"runtime":49}}