{"dead_frac_layer_0":0,"mean_act_layer_2":0.48497019928380547,"val_accuracy":0.09916666666666667,"train_accuracy":0.09931481481481481,"grad_norm_layer_2":0.0006236380556735319,"epoch":10,"grad_norm_layer_1":1.3168279432300942e-05,"train_loss":2.304851925543128,"grad_norm_layer_3":0.07335573919445783,"dead_frac_layer_2":0,"mean_act_layer_1":0.5001288664843349,"mean_act_layer_0":0.4999418463706129,"_runtime":54,"grad_norm_layer_0":6.587038140578866e-08,"test_accuracy":0.1135,"_timestamp":1.7728122397674694e+09,"test_f1":0.0203861697350696,"_wandb":{"runtime":54},"_step":10,"dead_frac_layer_1":0}