{"mean_act_layer_2":0,"dead_frac_layer_0":0.5627786458333334,"mean_act_layer_0":0.5478953360324441,"_runtime":41,"mean_act_layer_1":1.3723975570984574e-05,"dead_frac_layer_1":0.9998020833333333,"val_accuracy":0.09933333333333333,"train_accuracy":0.1025,"dead_frac_layer_2":1,"grad_norm_layer_0":0,"_timestamp":1.772811178963265e+09,"train_loss":2.3060294238269594,"epoch":10,"_step":10,"test_f1":0.018643453028654333,"_wandb":{"runtime":41},"grad_norm_layer_1":0,"grad_norm_layer_3":0,"grad_norm_layer_2":0,"test_accuracy":0.1028}