{"_runtime":32,"dead_frac_layer_1":0,"_wandb":{"runtime":32},"grad_norm_layer_2":0.02051712636343251,"_step":10,"dead_frac_layer_2":0,"mean_act_layer_1":0.786342655294801,"train_accuracy":0.10787037037037037,"mean_act_layer_0":0.8898721622621381,"grad_norm_layer_1":0.008190687780298361,"grad_norm_layer_0":0.008104191350832634,"test_accuracy":0.1721,"grad_norm_layer_3":0.08759240356208559,"test_f1":0.06010191546949824,"_timestamp":1.7728088353933983e+09,"epoch":10,"dead_frac_layer_0":0,"train_loss":4.778979913632502,"mean_act_layer_2":0.8792312591779253,"val_accuracy":0.11166666666666666}