{"dead_frac_layer_2":0.421875,"grad_norm_layer_1":2.845243438429753e-10,"val_accuracy":0.111,"train_loss":2.3013681634682115,"mean_act_layer_2":0.000526824744915362,"grad_norm_layer_0":3.490344141252824e-10,"epoch":10,"_step":10,"test_accuracy":0.1135,"grad_norm_layer_2":1.319177573360793e-07,"dead_frac_layer_0":0.4741328125,"_runtime":73,"_wandb":{"runtime":73},"mean_act_layer_0":0.0005671488730583186,"mean_act_layer_1":0.0005279485220176368,"train_accuracy":0.11251851851851852,"test_f1":0.0203861697350696,"dead_frac_layer_1":0.3208020833333333,"_timestamp":1.772810460482147e+09,"grad_norm_layer_3":0.00013277916735831937}