{"_step":10,"test_accuracy":0.1801,"train_loss":2.3046642687682097,"grad_norm_layer_0":6.460902742860259e-08,"dead_frac_layer_1":0,"train_accuracy":0.09731481481481481,"dead_frac_layer_2":0,"_runtime":80,"mean_act_layer_2":0.48440560906283087,"mean_act_layer_0":0.4999100106963699,"_wandb":{"runtime":80},"grad_norm_layer_1":1.1244392434156236e-05,"val_accuracy":0.09933333333333333,"test_f1":0.06548660749351976,"epoch":10,"mean_act_layer_1":0.5003107156797818,"grad_norm_layer_3":0.09467989530929402,"grad_norm_layer_2":0.0006255340980763648,"dead_frac_layer_0":0,"_timestamp":1.7728137075930846e+09}