{"train_loss":2.265582941493564,"test_accuracy":0.2093,"_runtime":63,"grad_norm_layer_2":0.0034280777615000417,"_wandb":{"runtime":63},"grad_norm_layer_1":0.001015762754828072,"grad_norm_layer_0":0.002677113387274768,"mean_act_layer_1":0.04826341061409113,"val_accuracy":0.215,"mean_act_layer_0":0.09338432961488141,"_step":10,"test_f1":0.0847392034341865,"train_accuracy":0.2076851851851852,"_timestamp":1.7728116534619923e+09,"dead_frac_layer_1":0.32092447916666667,"dead_frac_layer_0":0.20273828125,"epoch":10}