{"mean_act_layer_1":0.001532451970388402,"grad_norm_layer_0":8.412774490459536e-07,"dead_frac_layer_1":0,"grad_norm_layer_2":8.698602834671057e-07,"epoch":10,"train_accuracy":0.11194444444444444,"_wandb":{"runtime":87},"mean_act_layer_2":0.0001285643829131547,"test_f1":0.0203861697350696,"grad_norm_layer_1":8.830181164872498e-07,"dead_frac_layer_2":0,"dead_frac_layer_3":0,"_runtime":87,"train_loss":2.301273196736087,"test_accuracy":0.1135,"_timestamp":1.7728083562057996e+09,"dead_frac_layer_0":0,"mean_act_layer_0":0.032420028455079554,"val_accuracy":0.11616666666666667,"mean_act_layer_3":0.0011403185167620654,"grad_norm_layer_4":0.0002359169674367596,"grad_norm_layer_3":1.3848082496797414e-06,"_step":10}