{"_step":15,"_timestamp":1.7728046141161308e+09,"grad_norm_layer_2":0.015722388797780422,"dead_frac_layer_0":0.28116536458333335,"epoch":15,"dead_frac_layer_1":0.359265625,"mean_act_layer_2":1.0038372806532148,"val_accuracy":0.9035,"mean_act_layer_1":0.8102047345635315,"mean_act_layer_0":0.6150608094221816,"test_f1":0.9132476452063429,"_wandb":{"runtime":42},"train_loss":0.30204286565621535,"grad_norm_layer_3":0.01191460882762236,"grad_norm_layer_1":0.01545202316244595,"test_accuracy":0.9148,"train_accuracy":0.9137037037037037,"_runtime":42,"grad_norm_layer_0":0.022760043868593108,"dead_frac_layer_2":0.3187265625}