{"val_accuracy":0.11433333333333333,"test_f1":0.0203861697350696,"dead_frac_layer_2":1,"dead_frac_layer_1":1,"grad_norm_layer_1":0,"mean_act_layer_1":0,"grad_norm_layer_0":0,"_runtime":51,"test_accuracy":0.1135,"mean_act_layer_2":0,"grad_norm_layer_3":0,"_step":10,"train_loss":2.301260879635372,"epoch":10,"dead_frac_layer_0":1,"_timestamp":1.7728059111802967e+09,"_wandb":{"runtime":51},"mean_act_layer_0":0,"grad_norm_layer_2":0,"train_accuracy":0.11214814814814815}