{"_wandb":{"runtime":46},"grad_norm_layer_1":0,"epoch":10,"dead_frac_layer_2":1,"mean_act_layer_1":0.0029348025476561047,"grad_norm_layer_0":0,"dead_frac_layer_1":0.98505859375,"_runtime":46,"_timestamp":1.772813235457472e+09,"_step":10,"val_accuracy":0.11133333333333334,"grad_norm_layer_3":0,"train_loss":2.3060016317387646,"grad_norm_layer_2":0,"mean_act_layer_0":0.32433604063354426,"train_accuracy":0.11248148148148149,"test_f1":0.0203861697350696,"dead_frac_layer_0":0.5878098958333333,"test_accuracy":0.1135,"mean_act_layer_2":0}