{"test_accuracy":0.3904,"_wandb":{"runtime":57},"test_f1":0.2758414668801107,"dead_frac_layer_1":0.9927044270833333,"_timestamp":1.7728141809519484e+09,"grad_norm_layer_1":0.030567928349960985,"_runtime":57,"grad_norm_layer_2":0.04071710527414919,"dead_frac_layer_0":0.99246875,"grad_norm_layer_0":0.03009524992400728,"val_accuracy":0.3428333333333333,"mean_act_layer_0":0.03986062231125191,"mean_act_layer_1":0.0299248665506403,"train_loss":1.6325550802209174,"_step":10,"epoch":10,"train_accuracy":0.34546296296296297}