{"grad_norm_layer_1":0.0004819144848572333,"grad_norm_layer_0":0.0013788449875373756,"mean_act_layer_1":0.20367500554634627,"grad_norm_layer_2":0.00025869436799772833,"dead_frac_layer_0":0,"_runtime":41,"epoch":10,"mean_act_layer_0":0.2987983829976855,"test_f1":0.9717964723736923,"val_accuracy":0.9723333333333334,"_wandb":{"runtime":41},"_timestamp":1.7728119749915688e+09,"dead_frac_layer_1":0,"train_loss":0.037962055946387324,"_step":10,"train_accuracy":0.9926296296296296,"test_accuracy":0.9721}