{"grad_norm_layer_1":0.0338762997113836,"mean_act_layer_1":0.5579525431816053,"test_f1":0.934290680350405,"dead_frac_layer_2":0.2960130208333333,"epoch":10,"test_accuracy":0.9351,"grad_norm_layer_0":0.06018853732174612,"grad_norm_layer_2":0.02641878462344444,"dead_frac_layer_1":0.16348828125,"train_loss":0.2677288278677079,"_wandb":{"runtime":72},"grad_norm_layer_3":0.02595595956834002,"dead_frac_layer_0":0.26462890625,"mean_act_layer_0":0.4465094915004047,"_step":10,"_runtime":72,"train_accuracy":0.934537037037037,"val_accuracy":0.9281666666666667,"mean_act_layer_2":0.6024410383030517,"_timestamp":1.7728118366232202e+09}