{"mean_act_layer_2":0.11598485972801552,"dead_frac_layer_2":0.9448671875,"test_accuracy":0.8454,"test_f1":0.8439043087940978,"grad_norm_layer_0":0.09141922662834522,"_timestamp":1.7728123052867765e+09,"dead_frac_layer_1":0.9455260416666667,"epoch":10,"_runtime":53,"_step":10,"train_accuracy":0.7643888888888889,"val_accuracy":0.7575,"grad_norm_layer_1":0.061723221277841245,"mean_act_layer_0":0.08768078576233151,"grad_norm_layer_3":0.09196973442681791,"mean_act_layer_1":0.10928931957400095,"dead_frac_layer_0":0.96134765625,"_wandb":{"runtime":53},"train_loss":0.486861109969244,"grad_norm_layer_2":0.05470823424928527}