{"_wandb":{"runtime":52},"mean_act_layer_0":0.07709714685883133,"grad_norm_layer_2":0.0006594766642636012,"train_accuracy":0.11248148148148149,"val_accuracy":0.11133333333333334,"_timestamp":1.7728071708243995e+09,"dead_frac_layer_0":0,"grad_norm_layer_0":0.0007045744834690765,"train_loss":2.2966380083619673,"_runtime":52,"test_f1":0.02168088718540709,"dead_frac_layer_1":0,"_step":10,"test_accuracy":0.1139,"grad_norm_layer_1":0.0006155609081328911,"mean_act_layer_1":0.009619329864632604,"epoch":10}