{"test_f1":0.9451617504283345,"grad_norm_layer_2":0.038999909271807985,"dead_frac_layer_2":0.98081640625,"mean_act_layer_0":2.1703447454218936,"_timestamp":1.7728090902336957e+09,"test_accuracy":0.9442,"mean_act_layer_2":1.9848695362247535,"val_accuracy":0.9405,"_wandb":{"runtime":58},"mean_act_layer_1":10.569508734742847,"grad_norm_layer_0":0.0030001733188690003,"grad_norm_layer_3":0.02027193391066356,"epoch":10,"train_accuracy":0.9527407407407408,"dead_frac_layer_1":0.8835755208333333,"_step":10,"grad_norm_layer_1":0.018457722513821266,"_runtime":58,"train_loss":0.31053423839217204,"dead_frac_layer_0":0.8612864583333333}