{"train_loss":1.9590699924337007,"dead_frac_layer_0":0.99243359375,"epoch":10,"test_accuracy":0.2635,"_timestamp":1.7728129555284739e+09,"test_f1":0.1424511081273076,"dead_frac_layer_1":0.9924440104166666,"grad_norm_layer_2":0.035778119452505815,"grad_norm_layer_1":0.0010597717572328636,"grad_norm_layer_0":0.0197601604611197,"_wandb":{"runtime":53},"train_accuracy":0.22025925925925927,"_step":10,"_runtime":53,"mean_act_layer_0":0.06603703464771984,"mean_act_layer_1":0.04344937566975272,"val_accuracy":0.2205}