{"train_loss":0.448300349981755,"mean_act_layer_0":0.5152568965135225,"grad_norm_layer_1":0.008624402746600854,"_timestamp":1.772813618990783e+09,"train_accuracy":0.8925925925925926,"grad_norm_layer_0":0.014891997276895042,"mean_act_layer_1":0.6480895243878112,"_wandb":{"runtime":48},"dead_frac_layer_1":0.15895182291666668,"mean_act_layer_2":0.6376046358324479,"test_f1":0.8904190522469383,"test_accuracy":0.8923,"_step":10,"_runtime":48,"dead_frac_layer_2":0.2853307291666667,"grad_norm_layer_2":0.008719104988728854,"val_accuracy":0.8915,"grad_norm_layer_3":0.0090355235352562,"epoch":10,"dead_frac_layer_0":0.18052734375}