{"grad_norm_layer_0":3.291785810607103e-07,"mean_act_layer_1":0.0018349100324949194,"dead_frac_layer_3":0.45640885416666666,"mean_act_layer_3":0.00031535633106604744,"grad_norm_layer_2":2.8767540030830685e-07,"_step":10,"dead_frac_layer_0":0.5181770833333333,"train_loss":2.3013675611177593,"_runtime":32,"grad_norm_layer_1":3.2575151187164316e-07,"_timestamp":1.772807997220486e+09,"epoch":10,"test_f1":0.0203861697350696,"test_accuracy":0.1135,"grad_norm_layer_3":3.2504884553879274e-07,"train_accuracy":0.11205555555555556,"_wandb":{"runtime":32},"grad_norm_layer_4":1.5486431189835326e-05,"dead_frac_layer_1":0.5314713541666667,"mean_act_layer_0":0.035484354140365,"val_accuracy":0.11516666666666667,"dead_frac_layer_2":0.4849375,"mean_act_layer_2":0.00014286454860864303}