{"mean_act_layer_0":0.5064442996906924,"_runtime":20,"_wandb":{"runtime":20},"test_f1":0.0203861697350696,"_timestamp":1.7728085870234184e+09,"grad_norm_layer_2":0.004651618535481242,"epoch":10,"test_accuracy":0.1135,"val_accuracy":0.10583333333333333,"_step":10,"dead_frac_layer_1":0,"train_accuracy":0.11309259259259259,"dead_frac_layer_0":0,"grad_norm_layer_0":0.0007386820489394733,"grad_norm_layer_1":0.0013157048466303125,"mean_act_layer_1":0.5124169278163218,"train_loss":2.2920109733191047}