{"_runtime":33,"val_accuracy":0.8968333333333334,"test_accuracy":0.9029,"train_loss":0.3560063935961,"_step":10,"grad_norm_layer_1":0.01748304747071123,"mean_act_layer_0":0.57367748867954,"dead_frac_layer_0":0.3206731770833333,"dead_frac_layer_2":0.40714453125,"_timestamp":1.772805586788526e+09,"mean_act_layer_1":0.8249802792741275,"grad_norm_layer_0":0.022765784107695548,"_wandb":{"runtime":33},"epoch":10,"grad_norm_layer_2":0.020998680286330656,"grad_norm_layer_3":0.02031366303084267,"test_f1":0.9012205342008915,"train_accuracy":0.9008148148148148,"mean_act_layer_2":0.8961338678907959,"dead_frac_layer_1":0.31206380208333334}