{"mean_act_layer_2":0.00022237006030529608,"grad_norm_layer_0":1.6318138033802008e-05,"grad_norm_layer_3":1.594385193168933e-05,"train_loss":2.3025479935568356,"val_accuracy":0.11633333333333333,"grad_norm_layer_2":1.4850561764943264e-05,"test_accuracy":0.1137,"dead_frac_layer_0":0.48505078125,"epoch":10,"train_accuracy":0.11192592592592593,"dead_frac_layer_2":0.49975130208333335,"_wandb":{"runtime":38},"dead_frac_layer_1":0.5444205729166667,"grad_norm_layer_1":1.647416947205272e-05,"_timestamp":1.7728074085863187e+09,"mean_act_layer_1":0.002589443512251484,"mean_act_layer_0":0.038770250100231586,"test_f1":0.020836910999956024,"_step":10,"_runtime":38}