{"mean_act_layer_0":0.5262177435293054,"train_loss":0.45658513222070884,"mean_act_layer_1":0.5895518643147764,"grad_norm_layer_1":0.008864219184989662,"grad_norm_layer_2":0.009628417102128115,"dead_frac_layer_0":0.17329427083333335,"_runtime":39,"test_f1":0.8967476148330787,"_wandb":{"runtime":39},"dead_frac_layer_1":0.2746106770833333,"grad_norm_layer_0":0.014298820783391734,"test_accuracy":0.8987,"epoch":10,"_step":10,"_timestamp":1.7728106825705533e+09,"val_accuracy":0.8936666666666667,"train_accuracy":0.8961481481481481}