{"train_accuracy":0.18644444444444444,"mean_act_layer_1":0.49067886259647436,"val_accuracy":0.17766666666666667,"mean_act_layer_0":0.494562541379385,"grad_norm_layer_2":0.06032103048434897,"_timestamp":1.7728072323912039e+09,"test_accuracy":0.2112,"_step":10,"train_loss":2.2630719780237794,"test_f1":0.1040061523035897,"grad_norm_layer_0":0.009229954961883087,"_wandb":{"runtime":23},"epoch":10,"dead_frac_layer_1":0,"grad_norm_layer_1":0.017530679084271462,"_runtime":23,"dead_frac_layer_0":0}