{"dead_frac_layer_2":0.35152473958333336,"test_accuracy":0.9139,"dead_frac_layer_0":0.23676822916666668,"dead_frac_layer_1":0.34649869791666665,"test_f1":0.9124327343759668,"grad_norm_layer_2":0.07271314728111049,"epoch":10,"grad_norm_layer_1":0.06454008658804047,"mean_act_layer_2":0.697746043422311,"grad_norm_layer_3":0.07169082031458869,"grad_norm_layer_0":0.09219332560042948,"train_loss":0.3355920894968396,"train_accuracy":0.9138333333333334,"_runtime":72,"_step":10,"val_accuracy":0.9048333333333334,"mean_act_layer_0":0.5552614141695508,"_timestamp":1.7728128386299212e+09,"mean_act_layer_1":0.6304667112432218,"_wandb":{"runtime":72}}