{"mean_act_layer_2":0.2430551251783098,"mean_act_layer_0":0.2967475556685292,"val_accuracy":0.4955,"train_accuracy":0.4945,"grad_norm_layer_1":0.005507382747329121,"grad_norm_layer_0":0.010842193075119326,"grad_norm_layer_3":0.004060762529372286,"dead_frac_layer_1":0,"train_loss":1.9209767865884735,"grad_norm_layer_2":0.005327463994912963,"test_accuracy":0.5011,"dead_frac_layer_2":0,"_wandb":{"runtime":59},"_step":10,"epoch":10,"dead_frac_layer_0":0,"mean_act_layer_1":0.25473727118753897,"test_f1":0.469384060989094,"_runtime":59,"_timestamp":1.7728075465906339e+09}