{"_step":10,"test_accuracy":0.9001,"train_loss":0.3769329536439786,"dead_frac_layer_1":0.25706380208333335,"dead_frac_layer_0":0.18285416666666668,"test_f1":0.8986232271466326,"_wandb":{"runtime":50},"mean_act_layer_0":0.4517374821043559,"grad_norm_layer_1":0.08942702682181132,"_runtime":50,"train_accuracy":0.9025185185185185,"mean_act_layer_1":0.6070400439633409,"_timestamp":1.7728102169873085e+09,"grad_norm_layer_0":0.1420184295909764,"grad_norm_layer_2":0.10257259719184769,"epoch":10,"val_accuracy":0.9015}