{"train_loss":0.6927446580866028,"_wandb":{"runtime":15},"grad_norm_layer_0":0.004250175177243116,"_timestamp":1.7728085136865716e+09,"mean_act_layer_1":0.6788812978728825,"dead_frac_layer_0":0.13506510416666667,"test_f1":0.8592426782667939,"mean_act_layer_0":0.7445978292989932,"test_accuracy":0.8624,"grad_norm_layer_1":0.0037087524345146513,"train_accuracy":0.8552407407407407,"val_accuracy":0.8573333333333333,"_runtime":15,"epoch":10,"dead_frac_layer_1":0.29160416666666666,"grad_norm_layer_2":0.0041207044908921795,"_step":10}