{"_runtime":38,"test_f1":0.9747677205311465,"mean_act_layer_0":0.21849087406623918,"grad_norm_layer_0":0.0010239355197302568,"_timestamp":1.772810911233249e+09,"test_accuracy":0.975,"epoch":10,"val_accuracy":0.9741666666666666,"dead_frac_layer_0":0,"_wandb":{"runtime":38},"_step":10,"grad_norm_layer_2":0.00043163099025573734,"grad_norm_layer_1":0.00055358721604248,"train_loss":0.03809850280760191,"mean_act_layer_1":0.22557570257447807,"dead_frac_layer_1":0,"train_accuracy":0.9932962962962963}