{"train_loss":2.307599455010675,"epoch":10,"_timestamp":1.7728100326614046e+09,"mean_act_layer_1":0.001196784958892731,"dead_frac_layer_0":0.7690338541666667,"dead_frac_layer_1":0.9917513020833333,"grad_norm_layer_1":0,"val_accuracy":0.10666666666666667,"grad_norm_layer_2":0,"dead_frac_layer_2":1,"_runtime":61,"grad_norm_layer_0":0,"mean_act_layer_2":0,"_step":10,"_wandb":{"runtime":61},"grad_norm_layer_3":0,"test_f1":0.01834695731153497,"test_accuracy":0.101,"mean_act_layer_0":0.05778582431460036,"train_accuracy":0.113}