{"_timestamp":1.7728078628339696e+09,"grad_norm_layer_4":6.090382214050228e-07,"dead_frac_layer_3":0,"mean_act_layer_3":6.081108479672434e-05,"mean_act_layer_0":0.07218197972127378,"_step":10,"test_f1":0.0203861697350696,"grad_norm_layer_1":5.437589996547557e-07,"grad_norm_layer_2":5.773910599548e-07,"mean_act_layer_1":0.006274193538577034,"grad_norm_layer_0":5.34319480504771e-07,"val_accuracy":0.11283333333333333,"mean_act_layer_2":0.0005003898147381298,"test_accuracy":0.1135,"epoch":10,"dead_frac_layer_0":0,"train_accuracy":0.11231481481481481,"train_loss":2.302497140560123,"dead_frac_layer_1":0,"_wandb":{"runtime":26},"_runtime":26,"dead_frac_layer_2":0,"grad_norm_layer_3":5.658083803694026e-07}