{"test_f1":0.8990252766467451,"_step":10,"grad_norm_layer_2":0.042155320511726484,"_wandb":{"runtime":73},"test_accuracy":0.9009,"grad_norm_layer_0":0.041777747582560906,"mean_act_layer_0":0.45793509071447164,"_timestamp":1.772810370710015e+09,"grad_norm_layer_1":0.02548641920517826,"mean_act_layer_1":0.6011812097056125,"epoch":10,"val_accuracy":0.895,"_runtime":73,"dead_frac_layer_1":0.25213151041666665,"train_loss":0.3751910019605487,"dead_frac_layer_0":0.18591015625,"train_accuracy":0.9003888888888889}