{"_runtime":43,"_timestamp":1.772808142092235e+09,"val_accuracy":0.972,"train_accuracy":0.9866481481481482,"grad_norm_layer_2":0.0005448395700279941,"grad_norm_layer_0":0.002392246703112939,"dead_frac_layer_1":0,"mean_act_layer_3":0.9612734035428924,"grad_norm_layer_1":0.0012377241622055473,"dead_frac_layer_3":0,"dead_frac_layer_2":0,"mean_act_layer_0":0.9172107094255337,"epoch":10,"mean_act_layer_2":0.9514853748089556,"dead_frac_layer_0":0,"mean_act_layer_1":0.9280541017768279,"grad_norm_layer_3":0.0004137060835496913,"test_accuracy":0.971,"train_loss":0.06392105566990648,"_step":10,"_wandb":{"runtime":43},"test_f1":0.9708458642242503,"grad_norm_layer_4":0.0012020904384596868}