{"dead_frac_layer_1":0.3680833333333333,"test_accuracy":0.1135,"grad_norm_layer_0":4.31285009390966e-08,"grad_norm_layer_2":1.5067518069351554e-07,"train_accuracy":0.11214814814814815,"test_f1":0.0203861697350696,"_wandb":{"runtime":47},"_runtime":47,"val_accuracy":0.11433333333333333,"_step":10,"mean_act_layer_2":0.00035021527759964685,"grad_norm_layer_1":3.7588018091689104e-08,"dead_frac_layer_0":0.47530208333333335,"train_loss":2.3012593104113215,"dead_frac_layer_2":0.47025651041666666,"epoch":10,"grad_norm_layer_3":2.356420772465864e-05,"_timestamp":1.7728134733641298e+09,"mean_act_layer_0":0.004688077810203688,"mean_act_layer_1":0.0002692857920145655}