{"val_accuracy":0.098,"mean_act_layer_1":0.0006373124133848757,"_timestamp":1.7728071041969805e+09,"grad_norm_layer_1":2.4046040367836677e-05,"epoch":10,"dead_frac_layer_1":0,"train_loss":2.307673477931299,"dead_frac_layer_0":0,"_step":10,"grad_norm_layer_0":1.0475340095424205e-07,"grad_norm_layer_2":0.0010210441877669847,"_wandb":{"runtime":27},"mean_act_layer_0":0.795816154396914,"_runtime":27,"test_f1":0.0203861697350696,"test_accuracy":0.1135,"train_accuracy":0.10264814814814816}