{"train_accuracy":0.9832777777777778,"_step":10,"test_f1":0.9731320755105697,"grad_norm_layer_3":2.5226635822680146e-05,"_runtime":49,"mean_act_layer_2":0.1424837695027623,"mean_act_layer_0":0.19310486628769832,"dead_frac_layer_0":0,"_timestamp":1.772805037330489e+09,"epoch":10,"grad_norm_layer_0":3.7815592131078866e-05,"dead_frac_layer_1":0,"mean_act_layer_1":0.2421473675108593,"val_accuracy":0.9685,"grad_norm_layer_2":2.4062285689756822e-05,"test_accuracy":0.9735,"dead_frac_layer_2":0,"train_loss":0.04669114024350204,"_wandb":{"runtime":49},"grad_norm_layer_1":2.6908449135555648e-05}