{"val_accuracy":0.8875,"test_f1":0.8956390438553703,"train_accuracy":0.8967592592592593,"_timestamp":1.7728131124794137e+09,"grad_norm_layer_2":0.014794120719290219,"grad_norm_layer_0":0.019171196703915077,"epoch":10,"dead_frac_layer_0":0.12391927083333333,"grad_norm_layer_1":0.01599679747333174,"_wandb":{"runtime":43},"mean_act_layer_1":0.598590345177874,"test_accuracy":0.8976,"mean_act_layer_0":0.5610020660937791,"dead_frac_layer_1":0.22484895833333332,"_runtime":43,"train_loss":0.4558142800466717,"_step":10}