{"val_accuracy":0.9418333333333333,"grad_norm_layer_1":0.025097104705993082,"_step":5,"test_accuracy":0.9482,"dead_frac_layer_1":0.9197174479166667,"_wandb":{"runtime":31},"test_f1":0.9477931937110181,"dead_frac_layer_2":0.96723046875,"train_loss":0.24305298949994195,"_timestamp":1.7728044282357044e+09,"grad_norm_layer_3":0.006689803515779766,"dead_frac_layer_0":0.876234375,"_runtime":31,"mean_act_layer_0":1.538281766802743,"mean_act_layer_2":0.8574681568247495,"mean_act_layer_1":2.7017295203500455,"grad_norm_layer_2":0.034523304410566454,"train_accuracy":0.9528703703703704,"epoch":5,"grad_norm_layer_0":0.005244111375884505}