{"mean_act_layer_2":0.9332657301264103,"_runtime":29,"mean_act_layer_0":0.5743147804302882,"epoch":10,"_wandb":{"runtime":29},"_timestamp":1.772802688774663e+09,"grad_norm_layer_3":0.01006320103773903,"grad_norm_layer_1":0.010808677251810997,"test_accuracy":0.9063,"train_loss":0.36100793815217513,"dead_frac_layer_1":0.31597005208333334,"train_accuracy":0.901074074074074,"dead_frac_layer_0":0.30424869791666664,"val_accuracy":0.901,"mean_act_layer_1":0.8304236153859492,"dead_frac_layer_2":0.39615104166666665,"_step":10,"test_f1":0.9047980194224232,"grad_norm_layer_0":0.015360583452168662,"grad_norm_layer_2":0.012060517007358528}