{"train_accuracy":0.8911851851851852,"val_accuracy":0.8915,"test_accuracy":0.894,"_runtime":63,"test_f1":0.8918912793777146,"dead_frac_layer_1":0,"mean_act_layer_0":0.3259353800896722,"_step":10,"mean_act_layer_1":0.40489900034085563,"epoch":10,"dead_frac_layer_0":0,"grad_norm_layer_2":0.0272629086783853,"grad_norm_layer_0":0.07406136963328781,"grad_norm_layer_1":0.021322859825029804,"train_loss":0.41296805148646965,"_timestamp":1.7728068033510954e+09,"_wandb":{"runtime":63}}