{"grad_norm_layer_5":0.0021929202053540984,"mean_act_layer_3":0.24835594344255332,"train_accuracy":0.9884814814814815,"mean_act_layer_4":0.09176118369523432,"grad_norm_layer_3":0.0026792198503421245,"dead_frac_layer_3":0,"grad_norm_layer_4":0.0045901693713385735,"_step":10,"grad_norm_layer_1":0.0023140583319630173,"dead_frac_layer_2":0,"mean_act_layer_1":0.2516915859985965,"_runtime":63,"dead_frac_layer_0":0,"_wandb":{"runtime":63},"_timestamp":1.772805153802243e+09,"dead_frac_layer_4":0,"test_f1":0.9721690393576046,"val_accuracy":0.9721666666666666,"dead_frac_layer_1":0,"grad_norm_layer_0":0.008147078467296502,"mean_act_layer_2":0.3289327379406707,"mean_act_layer_0":0.1946216048745503,"grad_norm_layer_2":0.00260182020098308,"epoch":10,"test_accuracy":0.9724,"train_loss":0.08187361347020113}