{"dead_frac_layer_1":0,"test_accuracy":0.9171,"_wandb":{"runtime":78},"grad_norm_layer_1":0.008710490489080859,"grad_norm_layer_3":0.0060769670517541174,"test_f1":0.9157771951792901,"mean_act_layer_1":0.381653112769892,"grad_norm_layer_0":0.02272373397155278,"mean_act_layer_0":0.34467805856652484,"dead_frac_layer_2":0,"epoch":15,"dead_frac_layer_0":0,"train_loss":0.31999802400663263,"grad_norm_layer_2":0.007203945380917174,"_runtime":78,"val_accuracy":0.9091666666666667,"_step":15,"mean_act_layer_2":0.4514355168631321,"train_accuracy":0.9108148148148149,"_timestamp":1.7728047239561672e+09}