{"train_accuracy":0.8953703703703704,"dead_frac_layer_1":0,"_step":10,"train_loss":0.6231111253653235,"_timestamp":1.7728139921014547e+09,"test_f1":0.9027576722118746,"grad_norm_layer_1":0.0014290209175830547,"mean_act_layer_0":0.9932256443268889,"grad_norm_layer_0":0.002248698982949904,"epoch":10,"_runtime":35,"test_accuracy":0.9039,"grad_norm_layer_2":0.0033125904947122063,"mean_act_layer_1":0.9922190008594397,"val_accuracy":0.8898333333333334,"dead_frac_layer_0":0,"_wandb":{"runtime":35}}