{"dead_frac_layer_0":0,"_runtime":24,"test_accuracy":0.1135,"grad_norm_layer_0":2.652584211471638e-05,"mean_act_layer_0":0.9973827746836126,"grad_norm_layer_1":0.00010744612438910313,"test_f1":0.0203861697350696,"_wandb":{"runtime":24},"_timestamp":1.772809020753091e+09,"grad_norm_layer_2":0.0007889455303113824,"train_accuracy":0.09833333333333333,"train_loss":2.307603229413972,"mean_act_layer_1":0.0006952359147159708,"epoch":10,"val_accuracy":0.10216666666666667,"dead_frac_layer_1":0,"_step":10}