{"grad_norm_layer_1":1.312334659878738e-05,"_step":10,"train_loss":2.301794761314432,"_timestamp":1.7728069156803691e+09,"test_accuracy":0.1135,"grad_norm_layer_2":0.001158616783883967,"_wandb":{"runtime":25},"mean_act_layer_1":0.16915143957669213,"dead_frac_layer_0":0,"val_accuracy":0.1125,"mean_act_layer_0":0.5198312223242857,"dead_frac_layer_1":0,"grad_norm_layer_0":6.04859309381979e-07,"_runtime":25,"test_f1":0.0203861697350696,"epoch":10,"train_accuracy":0.11235185185185186}