{"dead_frac_layer_0":0,"_runtime":46,"_step":10,"grad_norm_layer_3":0.11679004743463171,"grad_norm_layer_0":0.013856205203997654,"_timestamp":1.7728073552451284e+09,"grad_norm_layer_2":0.03402792512257143,"grad_norm_layer_1":0.01273912627370816,"dead_frac_layer_1":0,"mean_act_layer_0":0.787212379431567,"train_accuracy":0.10205555555555555,"test_f1":0.10486891324075702,"mean_act_layer_1":0.8148324320242464,"epoch":10,"_wandb":{"runtime":46},"val_accuracy":0.10333333333333333,"train_loss":5.551770539959506,"dead_frac_layer_2":0,"test_accuracy":0.1936,"mean_act_layer_2":0.9405699019538455}