{"test_f1":0.0203861697350696,"_runtime":90,"grad_norm_layer_2":2.8493387835563472e-05,"epoch":10,"dead_frac_layer_0":0,"mean_act_layer_3":0.0012012611482600775,"val_accuracy":0.11033333333333334,"grad_norm_layer_4":0.0003587995284859587,"dead_frac_layer_3":0,"_wandb":{"runtime":90},"train_accuracy":0.11259259259259259,"mean_act_layer_0":0.07540566422467584,"grad_norm_layer_3":2.7712765232541482e-05,"train_loss":2.301204076797967,"mean_act_layer_2":0.000990562623011222,"dead_frac_layer_1":0,"_step":10,"_timestamp":1.7728087893487952e+09,"grad_norm_layer_1":2.813572883025382e-05,"dead_frac_layer_2":0,"grad_norm_layer_0":2.8967255408864426e-05,"mean_act_layer_1":0.00886925902578395,"test_accuracy":0.1135}