{"_runtime":68,"grad_norm_layer_3":0.02786746158419613,"mean_act_layer_0":0.7630025657637163,"dead_frac_layer_1":0.3661744791666667,"_step":15,"dead_frac_layer_0":0.32491276041666667,"train_loss":0.48220681559181705,"dead_frac_layer_2":0.33997786458333334,"mean_act_layer_1":0.9949310207064408,"grad_norm_layer_0":0.02876898958347553,"_wandb":{"runtime":68},"grad_norm_layer_1":0.026179027232290077,"val_accuracy":0.8275,"mean_act_layer_2":1.1247900685134493,"epoch":15,"_timestamp":1.772806042900066e+09,"grad_norm_layer_2":0.030147364071514596,"train_accuracy":0.8342777777777778,"test_f1":0.8180571704614564,"test_accuracy":0.819}