{"train_loss":0.5167778783289186,"_step":5,"dead_frac_layer_1":0.3674296875,"test_accuracy":0.8745,"train_accuracy":0.8694814814814815,"val_accuracy":0.87,"grad_norm_layer_1":0.02017680020465684,"mean_act_layer_2":0.7508019373883488,"mean_act_layer_1":0.6689767407127116,"grad_norm_layer_0":0.027550704382800013,"epoch":5,"grad_norm_layer_3":0.01862475800798902,"_timestamp":1.7728043684788172e+09,"_runtime":17,"_wandb":{"runtime":17},"dead_frac_layer_0":0.2835143229166667,"test_f1":0.8723907643795394,"grad_norm_layer_2":0.021437007309382524,"dead_frac_layer_2":0.35744010416666666,"mean_act_layer_0":0.540056030918921}