{"grad_norm_layer_3":3.493429122882152e-05,"_step":10,"epoch":10,"grad_norm_layer_0":1.3784079308116473e-08,"test_accuracy":0.1135,"dead_frac_layer_0":0,"val_accuracy":0.1145,"_runtime":41,"_timestamp":1.772809807002456e+09,"dead_frac_layer_2":0,"mean_act_layer_2":0.001858250478981169,"train_loss":2.3021687688678467,"grad_norm_layer_2":3.5220973320425976e-07,"train_accuracy":0.11212962962962963,"dead_frac_layer_1":0,"test_f1":0.0203861697350696,"mean_act_layer_1":0.7862491337343038,"_wandb":{"runtime":41},"grad_norm_layer_1":1.2292999221057495e-08,"mean_act_layer_0":0.6096145688521359}