{"_runtime":65,"grad_norm_layer_1":0,"mean_act_layer_2":0,"dead_frac_layer_2":1,"grad_norm_layer_2":0,"mean_act_layer_0":0.31692913733037886,"grad_norm_layer_3":0,"dead_frac_layer_1":0.9727369791666667,"mean_act_layer_1":0.009848835865108695,"grad_norm_layer_0":0,"_timestamp":1.7728120491683047e+09,"test_accuracy":0.1135,"val_accuracy":0.11383333333333333,"train_loss":2.3078991617843982,"train_accuracy":0.11220370370370371,"_step":10,"epoch":10,"_wandb":{"runtime":65},"dead_frac_layer_0":0.5786536458333333,"test_f1":0.0203861697350696}