{"mean_act_layer_2":0.1494587216207395,"_runtime":36,"grad_norm_layer_2":0.019337199430639267,"train_accuracy":0.6595,"val_accuracy":0.6666666666666666,"test_accuracy":0.8326,"dead_frac_layer_1":0.9676744791666667,"train_loss":0.6362444408141458,"epoch":10,"dead_frac_layer_2":0.95019140625,"mean_act_layer_1":0.11285169110112002,"_timestamp":1.7728139366686466e+09,"_step":10,"dead_frac_layer_0":0.9675716145833333,"test_f1":0.8295331604497639,"grad_norm_layer_0":0.025799477568540646,"_wandb":{"runtime":36},"grad_norm_layer_1":0.019653300982642556,"grad_norm_layer_3":0.021592323831491178,"mean_act_layer_0":0.09724142577504737}