{"_wandb":{"runtime":70},"dead_frac_layer_1":0.17314322916666666,"_timestamp":1.7728135618972886e+09,"train_loss":0.2662791536685694,"epoch":10,"grad_norm_layer_1":0.03497314638812346,"mean_act_layer_1":0.5598808523621263,"grad_norm_layer_3":0.030431358613550823,"mean_act_layer_2":0.6420945305017577,"val_accuracy":0.9316666666666666,"train_accuracy":0.9360925925925926,"_step":10,"test_f1":0.9360291054578701,"grad_norm_layer_2":0.029355126855760187,"grad_norm_layer_0":0.06021702886645672,"test_accuracy":0.9367,"_runtime":70,"dead_frac_layer_0":0.25922526041666666,"mean_act_layer_0":0.4524242584386402,"dead_frac_layer_2":0.24274869791666667}