{"_runtime":12,"mean_act_layer_1":0.6665332446530637,"grad_norm_layer_0":0.015096696615922318,"mean_act_layer_0":0.538151341557573,"dead_frac_layer_0":0.3035494791666667,"mean_act_layer_2":0.8285879610799308,"val_accuracy":0.8775,"grad_norm_layer_1":0.01335556174184842,"grad_norm_layer_3":0.016923209294024116,"train_loss":0.5188715141902049,"_wandb":{"runtime":12},"_timestamp":1.7728043175935543e+09,"test_f1":0.8778767793130655,"train_accuracy":0.872537037037037,"test_accuracy":0.8803,"_step":5,"epoch":5,"dead_frac_layer_2":0.302328125,"grad_norm_layer_2":0.0169850288665644,"dead_frac_layer_1":0.34810286458333334}