{"dead_frac_layer_1":0.48383723958333336,"grad_norm_layer_1":0.008478722873523515,"grad_norm_layer_3":0.007160145934938252,"mean_act_layer_0":0.19330963141799404,"train_accuracy":0.39711111111111114,"_step":5,"val_accuracy":0.394,"test_accuracy":0.3992,"epoch":5,"train_loss":2.1499150394767885,"test_f1":0.3513181585639318,"mean_act_layer_2":0.11351565281788842,"_runtime":16,"grad_norm_layer_2":0.009159922412790206,"mean_act_layer_1":0.1556621880684556,"grad_norm_layer_0":0.014751332852399407,"dead_frac_layer_2":0.4839778645833333,"_timestamp":1.7728042468040507e+09,"dead_frac_layer_0":0.4875729166666667,"_wandb":{"runtime":16}}