{"train_loss":2.3210809281113987,"val_accuracy":0.11583333333333333,"dead_frac_layer_1":0,"_timestamp":1.7728088702990332e+09,"train_accuracy":0.11198148148148149,"_wandb":{"runtime":20},"grad_norm_layer_0":0.002678295768335155,"dead_frac_layer_2":0,"test_accuracy":0.1135,"mean_act_layer_0":0.5048184790323708,"mean_act_layer_2":0.4562899380176344,"grad_norm_layer_2":0.01937601775940852,"grad_norm_layer_3":0.06328459523238074,"test_f1":0.0203861697350696,"grad_norm_layer_1":0.00414536441926359,"epoch":10,"_step":10,"_runtime":20,"mean_act_layer_1":0.500819608956244,"dead_frac_layer_0":0}